﻿question,option_a,option_b,option_c,option_d,correct_answer,correct_explanation,concept_explanation,explanation_a,explanation_b,explanation_c,explanation_d
"ما هي الوظيفة الأساسية لحقل فحص الحشو الدوري (CRC) في إطار MAC؟","تحديد عنوان المرسل والمستقبل.","كشف الأخطاء التي قد تحدث أثناء النقل.","إعادة إرسال البيانات المفقودة.","تحديد مستوى أولوية الإطار.","B","لأن CRC يتم توليده عند المرسل والمستقبل للمقارنة وكشف أي تغيير في البيانات.","حقل CRC (Cyclic Redundancy Check) هو آلية رياضية توضع في ذيل الإطار للتأكد من سلامة البيانات ووصولها دون تلف.","خطأ. العناوين توجد في حقول مخصصة (Destination & Source MAC Address) في رأس الإطار.","صحيح. الوظيفة الرئيسية هي اكتشاف ما إذا كانت البيانات قد تعرضت للتلف أثناء المرور في الكابلات.","خطأ. إعادة الإرسال هي وظيفة طبقة LLC أو الطبقات الأعلى (مثل TCP)، بينما CRC يكتشف الخطأ فقط.","خطأ. تحديد الأولويات ومعلومات التحكم يتم في حقل التحكم (MAC Control) في بداية الإطار."
"أي طبقة مسؤولة عن التخلص من (طرح) الأطر التي تحتوي على أخطاء؟","طبقة التطبيقات (Application Layer).","طبقة LLC.","طبقة MAC.","طبقة الشبكة (Network Layer).","C","طبقة MAC هي المسؤولة عن كشف الخطأ فور وصوله وطرح الإطار المتضرر.","توزع مهام الخطأ بين الطبقات؛ طبقة MAC تكتشف وترمي التالف، بينما الطبقات العليا تطلب التعويض.","خطأ. طبقة التطبيقات تتعامل مع البيانات النهائية للمستخدم ولا تتدخل في فحص سلامة الأطر الفيزيائية.","خطأ. طبقة LLC مسؤولة عادةً عن طلب إعادة الإرسال (اختيارياً)، وليس عن الحذف الفوري للإطار الفيزيائي المعيب.","صحيح. طبقة MAC تفحص الـ CRC وإذا وجدته غير مطابق تتخلص من الإطار فوراً ولا تمرره للأعلى.","خطأ. طبقة الشبكة (IP) تستلم البيانات بعد أن تكون طبقة MAC قد تأكدت من سلامة الإطار أو تخلصت منه."
"في أي طبقات يعمل الجسر (Bridge) لربط الشبكات؟","الطبقة الفيزيائية وطبقة MAC.","طبقة الشبكة وطبقة النقل.","طبقة LLC فقط.","طبقة التطبيقات.","A","يعمل الجسر كمبدلة لمستوى MAC، معتمداً على العناوين الفيزيائية لربط الشبكات المحلية.","الجسور هي أجهزة ربط تعمل في المستويات الدنيا (1 و 2) لتوسيع الشبكات المحلية المتماثلة.","صحيح. الجسر يربط الوصلات الفيزيائية ويفهم عناوين MAC لتمرير البيانات أو منعها.","خطأ. هذا هو مجال عمل الموجهات (Routers) التي تفهم عناوين IP والمنافذ.","خطأ. الجسر يحتاج للتعامل مع العناوين الفيزيائية في طبقة MAC لتوجيه الأطر، وليس LLC فقط.","خطأ. الجسور لا تفهم محتوى البيانات أو التطبيقات، هي فقط تمرر الأطر."
"ما هو الشرط الأساسي لنجاح الاتصال عبر الجسر (Bridge) بين طرفين؟","أن تكون بروتوكولات MAC مختلفة تماماً.","أن تكون طبقة LLC وما فوقها متطابقتين تماماً في النظامين.","أن يستخدم الطرفان عناوين IP فقط دون عناوين MAC.","أن يكون الجسر متصلاً بشبكة WAN.","B","بما أن الجسر يعمل في مستوى MAC، يجب أن تكون الطبقات العليا موحدة ليفهم الطرفان بعضهما.","الجسور لا تقوم بترجمة البروتوكولات العليا، لذا يجب أن يتحدث الطرفان نفس 'اللغة' البرمجية فوق مستوى MAC.","خطأ. الجسور تربط عادة بروتوكولات MAC متطابقة (مثل إيثرنت بإيثرنت) لتقليل تعقيد المعالجة.","صحيح. لكي يتم تفسير البيانات بشكل صحيح بعد عبور الجسر، يجب تطابق LLC والطبقات الأعلى.","خطأ. الاتصال في الشبكات المحلية وعبر الجسور يعتمد أساساً على عناوين MAC للنقل الفيزيائي.","خطأ. الجسور تُستخدم بشكل أساسي لتوسيع وربط الشبكات المحلية (LANs)."
"على أي بروتوكول يعتمد عمل الموجه (Router) بشكل أساسي في نموذج TCP/IP؟","بروتوكول MAC.","بروتوكول IP.","بروتوكول HTTP.","بروتوكول Ethernet.","B","الموجه يعمل في الطبقة الثالثة ويعتمد على عناوين IP لتوجيه البيانات بين الشبكات.","الموجهات (Routers) هي أجهزة الطبقة الثالثة (Network Layer) ووظيفتها توجيه الحزم بناءً على العناوين المنطقية (IP).","خطأ. بروتوكول MAC يستخدم داخل الشبكة المحلية الواحدة، بينما الموجه يربط شبكات مختلفة.","صحيح. بروتوكول IP هو المسؤول عن العنونة المنطقية وتحديد المسار عبر الشبكات المختلفة.","خطأ. HTTP هو بروتوكول طبقة تطبيقات لنقل صفحات الويب ولا علاقة له بعملية التوجيه الأساسية.","خطأ. Ethernet هو تقنية للشبكات المحلية (طبقة 1 و 2)، بينما الموجه يربط بين تقنيات مختلفة."
"ماذا يحدث لإطار MAC عندما يصل إلى واجهة الموجه (Router)؟","يتم إزالة رأسي وذيلي الإطار و LLC لاستخراج حزمة IP.","يتم تمريره كما هو إلى الشبكة التالية دون تغيير.","يتم تغيير عنوان IP للمرسل فقط.","يتم تشفيره وإرساله إلى طبقة التطبيقات.","A","يقوم الموجه بفك تغليف البيانات للوصول إلى عنوان IP لتحديد الوجهة التالية.","عملية التوجيه تتطلب فك 'الظرف' الخارجي (الإطار) لقراءة العنوان الداخلي (IP) ثم إعادة التغليف لوسيلة النقل التالية.","صحيح. الموجه يزيل غلاف MAC القديم ليقرأ رأس IP ويقرر أين يرسل الحزمة.","خطأ. لا يمكن تمرير إطار MAC كما هو لأن الشبكة التالية قد تتطلب صيغة إطار مختلفة وعناوين فيزيائية جديدة.","خطأ. الموجه لا يغير عناوين IP الأصلية (إلا في حالات NAT الخاصة)، بل يغير إطار MAC المحيط بها.","خطأ. الموجه يعالج البيانات في طبقة الشبكة لإعادة توجيهها، ولا يرسلها لطبقة التطبيقات لديه."
"لماذا تُوصف خدمة بروتوكول IP بأنها 'غير موثوقة'؟","لأنه لا يضمن وصول كافة البيانات أو ترتيبها الصحيح.","لأنه يعمل فقط على الشبكات المحلية الصغيرة.","لأنه لا يستخدم عناوين للمرسل والمستقبل.","لأنه يقوم بحذف البيانات بشكل عشوائي لتخفيف الضغط.","A","IP يعمل بمبدأ 'بذل قصارى الجهد' (Best Effort) ولا يوفر آليات لضمان التسليم أو الترتيب.","بروتوكول IP مصمم للسرعة والمرونة وتوجيه الحزم، تاركاً مهمة التدقيق والموثوقية لبروتوكولات أخرى مثل TCP.","صحيح. IP يرسل الحزم ولا ينتظر تأكيد استلام، وقد تصل الحزم ناقصة أو بغير ترتيبها.","خطأ. IP هو أساس الإنترنت ويعمل على شبكات عالمية واسعة جداً.","خطأ. IP يعتمد كلياً على عناوين IP للمصدر والوجهة لتوجيه البيانات.","خطأ. فقدان البيانات يحدث بسبب الازدحام أو الأخطاء، وليس كآلية عمل عشوائية مقصودة من البروتوكول."
"أي جهة تتحمل مسؤولية تصحيح الأخطاء وضمان موثوقية البيانات عند استخدام IP؟","الموجهات (Routers) في الطريق.","الطبقة الأعلى (مثل TCP) في النظامين الطرفيين.","الطبقة الفيزيائية.","بروتوكول IP نفسه.","B","بما أن IP لا يضمن الموثوقية، تقع المسؤولية على بروتوكولات النقل مثل TCP لإعادة طلب البيانات المفقودة.","في نموذج الطبقات، إذا كانت الطبقة السفلى (IP) غير موثوقة، يجب أن تتولى الطبقة التي تعلوها (TCP/LLC) مهمة التصحيح.","خطأ. الموجهات تتخلص من الحزم المعطوبة ولا تعيد إرسالها ولا تخزن نسخاً منها.","صحيح. بروتوكول TCP الموجود في جهاز المرسل والمستقبل هو من يكتشف النقص ويطلب إعادة الإرسال.","خطأ. الطبقة الفيزيائية تنقل البتات (إشارات كهربائية/ضوئية) ولا تفهم مفهوم تصحيح أخطاء الحزم.","خطأ. كما ذكرنا، IP خدمة غير موثوقة ولا يصحح الأخطاء."
"ما هي الفائدة الرئيسية من كون بروتوكول IP غير مضمون الوصول (Connectionless)؟","زيادة تعقيد الأجهزة الوسيطة.","المرونة في تغيير المسارات والتعامل مع الازدحام والأعطال.","ضمان وصول البيانات بسرعة ثابتة دائماً.","منع فقدان أي حزمة بيانات.","B","عدم الالتزام بمسار ثابت يسمح لكل حزمة بأن تأخذ طريقاً مختلفاً لتفادي المشاكل في الشبكة.","طبيعة IP غير المتصلة تعني أن كل حزمة مستقلة، مما يسمح للشبكة بتغيير المسار ديناميكياً إذا تعطل خط ما.","خطأ. بالعكس، هذا يبسط عمل الموجهات لأنها لا تحتاج لتتبع حالة الاتصال وحجز موارد.","صحيح. إذا تعطل مسار، يمكن للحزم التالية أن تسلك مساراً بديلاً فوراً دون الحاجة لإعادة تأسيس اتصال.","خطأ. السرعة تتفاوت بحسب المسار والازدحام، ولا يوجد ضمان لسرعة ثابتة في IP.","خطأ. النظام غير الموثوق يعني احتمالية فقدان البيانات، وليس منع فقدانها."
"ما هو الفرق الرئيسي في الاستخدام بين الجسور والموجهات؟","الجسور للشبكات المختلفة، والموجهات للشبكات المتطابقة.","الجسور بسيطة وتناسب الشبكات من نوع واحد، والموجهات أعقد وتناسب الشبكات المختلفة.","الموجهات لا تستخدم برمجيات.","الجسور تغير عنوان IP للحزم.","B","الجسور تعمل في الطبقة 2 وهي أبسط، بينما الموجهات تعمل في الطبقة 3 وتعالج اختلافات البروتوكولات والشبكات.","الجسور تربط أجزاء الشبكة الواحدة (Extension)، بينما الموجهات تربط عوالم مختلفة (Interconnection).","خطأ. العكس هو الصحيح؛ الجسور للشبكات المحلية المتشابهة، والموجهات للربط بين شبكات مختلفة وبروتوكولات متعددة.","صحيح. الجسور حل سهل للشبكات المتجانسة، بينما الموجهات ضرورية عند اختلاف أنواع الشبكات والبروتوكولات.","خطأ. الموجهات تعتمد بشكل كبير على برمجيات وأنظمة تشغيل معقدة لجدولة التوجيه.","خطأ. الجسور جهاز طبقة 2 ولا تتعامل مع عناوين IP ولا تغيرها أبداً."
"ماذا يحتوي حقل عنوان المستقبل (Destination MAC Address)؟","عنوان موقع الويب المطلوب.","نقطة الوصل الفيزيائي للمستقبل على شبكة LAN.","بيانات البروتوكول LLC.","رقم المنفذ (Port Number).","B","عنوان MAC يحدد كرت الشبكة المحدد للجهاز على الشبكة المحلية لضمان وصول الإطار إليه.","عنوان MAC هو 'البصمة' الفيزيائية لبطاقة الشبكة، ويستخدم لتسليم البيانات داخل الشبكة المحلية.","خطأ. عناوين الويب هي عناوين منطقية (URL/IP) وليست فيزيائية.","صحيح. هو العنوان الفيزيائي لكرت الشبكة للجهاز المستقبل داخل نفس الشبكة المحلية.","خطأ. البيانات توجد في حقل البيانات (Payload) وليس في حقل العنوان.","خطأ. أرقام المنافذ تستخدم في طبقة النقل (مثل TCP/UDP) لتحديد التطبيق، وليس في طبقة MAC."
"عندما يلاحظ بروتوكول IP أن المستقبل في شبكة أخرى، ما هي الخطوة الأولى التي يقوم بها؟","إرسال البيانات مباشرة للمستقبل.","إرسال البيانات إلى موجه (Router).","إلغاء عملية الإرسال.","تغيير عنوان MAC الخاص به.","B","الموجه هو البوابة (Gateway) التي تنقل البيانات من الشبكة الحالية إلى الشبكات الأخرى.","الأجهزة لا تستطيع مخاطبة أجهزة في شبكات أخرى مباشرة، لذا ترسل البيانات لـ 'بوابة' الشبكة (الموجه).","خطأ. لا يمكنه ذلك فيزيائياً لأن المستقبل في شبكة غير متصلة مباشرة بسلك مع المرسل.","صحيح. يرسل البيانات لعنوان الموجه المحلي، الذي بدوره سيتولى إيصالها للشبكة البعيدة.","خطأ. وجود المستقبل في شبكة أخرى هو أساس عمل الإنترنت، ولا يستدعي الإلغاء.","خطأ. عنوان MAC ثابت للجهاز ولا يتغير لغرض التوجيه."
"ما هو ترتيب المعلومات في إطار MAC العام؟","بيانات LLC - العنوان - التحكم - CRC.","تحكم MAC - عنوان المستقبل - عنوان المرسل - بيانات LLC - فحص CRC.","CRC - تحكم MAC - بيانات LLC - العناوين.","عنوان المرسل - عنوان المستقبل - CRC - بيانات.","B","الترتيب القياسي يبدأ بمعلومات التحكم والعنونة، ثم البيانات، وينتهي برمز التحقق.","هيكلية الإطار مصممة لكي يقرأ الجهاز العنوان أولاً (في الرأس) ثم البيانات، ثم يتحقق من صحتها (في الذيل).","خطأ. التحكم والعناوين (Header) تأتي دائماً في البداية لتوجيه الإطار.","صحيح. الرأس (التحكم والعناوين) أولاً، ثم البيانات (LLC)، وأخيراً الذيل (CRC) للتحقق.","خطأ. CRC يأتي دائماً في ذيل الإطار (النهاية) ليغطي كافة المحتويات السابقة.","خطأ. CRC يجب أن يكون في النهاية، والبيانات تكون في الوسط بين الرأس والذيل."
"ماذا يفعل الموجه (Router) إذا كانت الشبكة الواصلة بين موجهين تستخدم بروتوكول X.25؟","يرفض إرسال البيانات.","يتم لف وحدة بيانات IP ضمن رزمة X.25.","يحول بيانات IP إلى إشارات صوتية.","يستبدل بروتوكول IP ببروتوكول X.25.","B","يقوم الموجه بتغليف حزمة IP (Encapsulation) داخل إطار البروتوكول المستخدم في الشبكة الناقلة أياً كان نوعه.","الموجه يستخدم 'نفقاً' أو غلافاً جديداً مناسباً للشبكة الوسيطة لنقل حزمة IP من طرف لآخر.","خطأ. الموجهات مصممة للربط بين شبكات مختلفة البروتوكولات.","صحيح. يضع حزمة IP داخل 'ظرف' X.25 لتعبر شبكة X.25، ثم يتم إخراجها عند الطرف الآخر.","خطأ. هذا وصف غير دقيق لعملية التغليف الرقمي، البيانات تبقى رقمية.","خطأ. IP يبقى موجوداً داخل الرزمة لضمان العنونة النهائية من المصدر للوجهة، ولا يتم استبداله."
"ما هي الوظيفة التي يمكن أن تنفذها طبقة LLC بشكل اختياري؟","تحديد المسار عبر الشبكات.","إعادة إرسال الأطر التي لم تنجح عملية إرسالها.","توليد إشارات كهربائية للكابل.","حساب قيمة CRC.","B","طبقة LLC يمكنها توفير خدمة موثوقة عبر إعادة طلب الأطر المفقودة التي اكتشفت طبقة MAC خطأها وتخلصت منها.","بينما MAC تتخلص من الخطأ، LLC هي من تدير عملية التعويض وإعادة الطلب (Flow & Error Control).","خطأ. تحديد المسار هو وظيفة طبقة الشبكة (Routers/IP).","صحيح. هذه وظيفة للتحكم بالأخطاء والتدفق، وهي اختيارية في LLC حسب نوع الخدمة.","خطأ. توليد الإشارات هو وظيفة الطبقة الفيزيائية (Physical Layer).","خطأ. حساب CRC هو جزء من وظيفة طبقة MAC عند إنشاء وتغليف الإطار."