﻿question,option_a,option_b,option_c,option_d,correct_answer,correct_explanation,concept_explanation,explanation_a,explanation_b,explanation_c,explanation_d
"أي مما يلي ليس من الخدمات الأساسية الأربعة التي تؤمنها طبقة LLC؟","خدمة عدم الربط (Connectionless)","التوجيه الفيزيائي (Physical Routing)","الربط الموجه (Connection-Oriented)","التعددية (Multiplexing)","b","لأن التوجيه الفيزيائي ليس من مهام طبقة LLC، بل هو من مهام الطبقات الدنيا (الفيزيائية) أو طبقة الشبكة.","الخدمات الأساسية لـ LLC هي: عدم الربط، الربط الموجه، التعددية، والإرسال المتعدد.","هذه خدمة أساسية تقدمها LLC لنقل البيانات دون تأسيس اتصال مسبق.","الإجابة الصحيحة (لأنها الخيار المستثنى). التوجيه الفيزيائي يتعلق بمسار الكابلات والإشارات الكهربائية وليس المنطق البرمجي لـ LLC.","هذه خدمة أساسية تقدمها LLC لضمان وصول البيانات بشكل موثوق.","هذه خدمة أساسية تسمح بنقل بيانات لعدة تطبيقات عبر وصلة فيزيائية واحدة."
"ما هي الخدمة التي تُستخدم لدعم المرور ذي الفعالية العالية ولا تحتاج إلى تحقيق ربط منطقي مسبق؟","خدمة الربط الموجه","خدمة التعددية","خدمة عدم الربط","خدمة الإرسال المتعدد","c","لأنها لا تستهلك وقتاً في إنشاء وإدارة الاتصال، مما يجعلها فعالة وسريعة للحالات التي لا تتطلب موثوقية عالية جداً.","خدمة عدم الربط (Connectionless) ترسل البيانات فوراً دون التأكد مسبقاً من جاهزية المستقبل، مما يقلل من عبء الإدارة (Overhead).","خاطئة، لأن الربط الموجه يتطلب خطوات لإنشاء الاتصال مما يقلل السرعة لصالح الموثوقية.","خاطئة، التعددية هي تقنية لدمج البيانات وليست نوعاً من خدمة الاتصال المباشر.","هذه الإجابة صحيحة لأنها تصف طبيعة الإرسال دون قيود الربط المسبق.","خاطئة، الإرسال المتعدد يتعلق بتحديد عدد المستقبلين (مجموعة) وليس طريقة إدارة الاتصال."
"ماذا نطلق على إمكانية نقل البيانات باستخدام نقاط طرفية منطقية متعددة عبر وصلة فيزيائية واحدة؟","الإرسال الواسع (Broadcast)","التغليف (Encapsulation)","التعددية (Multiplexing)","عنونة MAC","c","لأن التعددية تسمح بوجود عدة قنوات اتصال منطقية (لبرامج مختلفة) تمر جميعها عبر سلك شبكة واحد في نفس الوقت.","التعددية (Multiplexing) تعني استغلال مورد واحد (الوصلة الفيزيائية) لخدمة مستخدمين أو تطبيقات متعددة في آن واحد.","خاطئة، هذا يعني الإرسال للجميع.","خاطئة، هذا يعني وضع البيانات داخل أغلفة (Headers).","الإجابة الصحيحة.","خاطئة، هذا عنوان الجهاز الفيزيائي."
"المفهوم الذي يدعم كلاً من الربط الموجه والتعددية ويحدد عنواناً خاصاً لكل تطبيق داخل المحطة هو:","نقطة الوصول للخدمة (SAP)","إطار MAC","البوابة الفيزيائية","الموجه (Router)","a","لأن SAP توفر عناوين منطقية (LSAP) تميز بين التطبيقات المختلفة (مثل البريد، الطباعة) داخل نفس الجهاز.","نقاط الوصول للخدمة (SAPs) هي المنافذ البرمجية التي تستخدمها طبقة LLC لتسليم البيانات للتطبيق الصحيح.","الإجابة الصحيحة.","خاطئة، هذا هو المغلف الذي يحمل البيانات عبر الشبكة.","خاطئة، تشير لمنفذ الكابل الحقيقي.","خاطئة، هو جهاز لتوجيه البيانات بين الشبكات."
"في مثال طلب الوصل بين المحطة A والمحطة C، ماذا يحدث إذا كانت المحطة C حرة (Free)؟","ترفض الاتصال فوراً","تعيد PDU تدل على قبول الوصل","تقوم بإرسال بيانات عشوائية","تقوم بحذف إطار MAC","b","لأن المحطة الحرة والمتاحة ستقوم بالرد بالموافقة لبدء تبادل البيانات.","عملية المصافحة (Handshaking) في الاتصال الموجه تتطلب موافقة الطرف الآخر قبل إرسال البيانات الفعلية.","خاطئة، لأنها حرة وليست مشغولة.","الإجابة الصحيحة، ترسل تأكيداً (Acknowledgement) أو قبولاً للاتصال.","خاطئة، لا يوجد سبب لإرسال بيانات عشوائية.","خاطئة، الحذف يتم إذا كان العنوان خطأ أو البيانات تالفة."
"يتشكل 'إطار MAC' (MAC Frame) عندما يقوم بروتوكول MAC بإضافة:","رأس LLC فقط","رأس وذيل (Header and Trailer)","بيانات المستخدم فقط","عنوان LSAP فقط","b","لأن طبقة MAC تضيف معلومات التحكم في البداية (الرأس) ومعلومات فحص الأخطاء في النهاية (الذيل).","التغليف في طبقة MAC يتضمن إحاطة وحدة بيانات LLC برأس (يحتوي عناوين MAC) وذيل (FCS).","خاطئة، هذا يتم في الطبقة الأعلى منها.","الإجابة الصحيحة.","خاطئة، هذه البيانات تأتي من التطبيق.","خاطئة، هذا جزء من رأس LLC."
"وحدة البيانات التي تتكون من 'بيانات المستخدم' + 'رأس LLC' تسمى:","MAC PDU","Packet","Segment","LLC PDU","d","لأنها الوحدة الناتجة بعد معالجة البيانات في طبقة LLC وقبل تسليمها لطبقة MAC.","وحدة بيانات البروتوكول (PDU) تأخذ اسم الطبقة التي تم تشكيلها فيها. هنا تشكلت في طبقة LLC.","خاطئة، هذا اسم الوحدة بعد إضافة ترويسة MAC.","خاطئة، الباكت عادة مصطلح لطبقة الشبكة (Network Layer).","خاطئة، السيغمنت مصطلح لطبقة النقل (Transport Layer).","الإجابة الصحيحة."
"العوامل الثلاثة الأساسية التي تتضمنها الاتصالات بين الشبكات الحاسوبية هي:","الإجراءات، المحطات، الشبكات","الكابلات، الشاشات، الطابعات","المرسل، المستقبل، السلك","التشفير، الضغط، الإرسال","a","لأن عملية الاتصال تتطلب: برنامجاً (إجراء)، جهازاً (محطة)، ووسيط نقل (شبكة).","هيكلية الاتصال تعتمد على: التطبيقات الموزعة (Processes)، الأجهزة المضيفة (Stations)، والبنية التحتية للربط (Networks).","الإجابة الصحيحة.","خاطئة، هذه أمثلة على أجهزة طرفية وليست عوامل تنظيمية للاتصال.","خاطئة، هذا تبسيط مخل للمفهوم الشبكي المعقد.","خاطئة، هذه عمليات معالجة للبيانات وليست عوامل هيكلية."
"عنوان MAC (الفيزيائي) يحدد:","مستخدم LLC (تطبيق محدد)","نقطة مشتركة فيزيائية (محطة) على الشبكة","نوع البيانات المرسلة","سرعة نقل البيانات","b","لأن عنوان MAC مرتبط ببطاقة الشبكة (Hardware) ويمثل عنوان الجهاز ككل على الشبكة المحلية.","العنونة الفيزيائية (MAC Address) تحدد 'المكان' أو الجهاز الذي ستصل إليه البيانات، بينما العنونة المنطقية تحدد 'البرنامج'.","خاطئة، هذا دور عنوان LLC (LSAP).","الإجابة الصحيحة.","خاطئة، نوع البيانات يحدد في حقول التحكم.","خاطئة، السرعة خاصية للوسط الناقل."
"عنوان LLC (أو LSAP) يستخدم لتحديد:","الشركة المصنعة لبطاقة الشبكة","المحطة الفيزيائية","مستخدم LLC (إجراء/تطبيق) ضمن المحطة","عنوان الشبكة IP","c","لأن وظيفة LLC هي تسليم البيانات للبرمجية الصحيحة داخل الحاسوب بعد وصولها إليه.","نقاط الوصول للخدمة (LSAPs) تعمل كبوابات داخلية لتوجيه البيانات للتطبيقات المتعددة العاملة على نفس الجهاز.","خاطئة، هذا يحدد بواسطة جزء من عنوان MAC.","خاطئة، هذا يحدد بواسطة عنوان MAC.","الإجابة الصحيحة.","خاطئة، IP هو عنوان منطقي للشبكة العالمية وليس لطبقة الوصل."
"العنوان الذي يشير إلى كافة الكيانات الموجودة ضمن بيئة ما، ويفسره الجميع كأنه موجه إليهم هو:","عنوان المحطة المتعددة (Multistation)","عنوان الإرسال الواسع (Broadcast)","عنوان LSAP الفردي","عنوان MAC المستقل","b","لأن Broadcast يعني إذاعة للجميع دون استثناء.","الإرسال الواسع (Broadcast) هو عنوان خاص (عادة يتكون من 1s) يجبر كل الأجهزة المستلمة على معالجة الرسالة.","خاطئة، هذا يشير لمجموعة جزئية فقط.","الإجابة الصحيحة.","خاطئة، هذا يحدد جهة واحدة فقط.","خاطئة، هذا يحدد محطة واحدة فقط."
"في مصفوفة العنونة (الشكل 5)، الحالة التي يتم فيها إرسال بيانات لـ 'كافة المحطات' ولكن لـ 'مستخدم/إجراء واحد محدد' في كل منها هي:","عنوان MAC المستقل / LSAP مستقل","عنوان MAC واسع المجال / LSAP مستقل","عنوان MAC واسع المجال / LSAP واسع المجال","عنوان MAC متعدد المجال / LSAP متعدد المجال","b","لأن 'كافة المحطات' تعني MAC واسع المجال، و'مستخدم واحد محدد' تعني LSAP مستقل.","هذه الحالة تستخدم عندما يريد خادم إرسال أمر لخدمة محددة (مثل خدمة الوقت) موجودة على جميع أجهزة الشبكة.","خاطئة، هذا يعني محطة واحدة ومستخدم واحد.","الإجابة الصحيحة.","خاطئة، هذا يعني كافة المحطات وكافة المستخدمين فيها.","خاطئة، هذا يعني مجموعة محطات ومجموعة مستخدمين."
"لماذا يعتبر منح عناوين LSAP وحيدة (Unique) ضمن كافة المحطات أمراً غير مرغوب فيه؟","لأنه يزيد من سرعة الشبكة بشكل كبير","لأن عدد المستخدمين سيكون محدوداً بطول حقل LLC وسنحتاج لإدارة مركزية","لأن ذلك مستحيل تقنياً في الشبكات الحديثة","لأنه يلغي الحاجة لعنوان MAC","b","لأن حقل العنوان صغير لا يكفي لعدد هائل من البرامج، كما أن تنسيق هذه العناوين عالمياً سيكون صعباً جداً.","الحفاظ على عناوين LSAP محلية (داخل كل جهاز) يوفر المرونة ولا يتطلب تسجيلاً عالمياً لكل برنامج، عكس عناوين MAC التي يجب أن تكون وحيدة عالمياً.","خاطئة، العناوين الموحدة لا تزيد السرعة.","الإجابة الصحيحة.","خاطئة، هو ممكن تقنياً لكنه غير عملي إدارياً.","خاطئة، لا علاقة له بإلغاء عنوان MAC الذي يحدد الجهاز."
"عندما يتم التقاط إطار MAC من قبل محطة ما، ماذا تفعل به قبل تمريره لطبقة LLC؟","تضيف عليه رأساً وذيلاً جديدين","تحذف رأس وذيل MAC وتمرر LLC PDU الناتجة","تغير عنوان المرسل والمستقبل","ترسل نسخة منه لكل المحطات الأخرى","b","لأن طبقة LLC لا تفهم ترويسات MAC، فيجب إزالتها (فك التغليف) لاستخراج البيانات الأصلية.","عملية فك التغليف (Decapsulation) تعني إزالة أغلفة الطبقات الدنيا أثناء صعود البيانات للأعلى.","خاطئة، الإضافة تتم عند الإرسال وليس الاستقبال.","الإجابة الصحيحة.","خاطئة، هذا يحدث في الموجهات (Routers) وليس في المحطة النهائية.","خاطئة، هذا يحدث في أجهزة التبديل (Switches) وليس المحطة النهائية."
"الإرسال الذي يستهدف مجموعة جزئية محددة من الكيانات (ليس واحداً ولا الجميع) يسمى:","Unicast","Broadcast","Multistation (Multicast)","Point-to-Point","c","لأن Multicast (أو Multistation) يختار فئة محددة من الأجهزة لتسليمها الرسالة.","الإرسال المتعدد (Multicast) هو حل وسط بين الإرسال الفردي (Unicast) والإرسال الواسع (Broadcast).","خاطئة، هذا إرسال فردي.","خاطئة، هذا إرسال للكل.","الإجابة الصحيحة.","خاطئة، هذا اتصال نقطة لنقطة (فردي)."