﻿question,answer
ما هي المهمة الرئيسية لبروتوكول التحكم بالوصول للوسط (MAC)؟,تتمثل مهمة بروتوكول MAC في تأمين وسائل التحكم بالوسط لضمان استخدام فعال لسعته، وذلك لتأمين تبادل البيانات بين كافة أجهزة وطرفيات الشبكات المحلية (LAN) والمدنية (MAN).
"قارن بين آلية ""التحكم المركزي"" و""التحكم الموزع"" من حيث طريقة منح حق الوصول للشبكة.",التحكم المركزي: يكون هناك متحكم معين يعمل كمرجع لقبول الوصول، ويجب على المحطة الراغبة بالإرسال انتظار تصريح منه. التحكم الموزع (غير المركزي): تنفذ المحطات وظيفة التحكم بشكل جماعي لتحديد ترتيب الإرسال دون الاعتماد على متحكم واحد.
اذكر ميزة إيجابية واحدة وسلبية رئيسية واحدة للبنية المركزية.,الميزة: توفر تحكماً أكبر بالأولويات والهيمنة وإمكانية الضمانة، وتسمح باستخدام منطق وصول بسيط عند المحطات. السلبية: تنشئ نقطة وحيدة للفشل؛ أي إذا تعطل المتحكم تعطلت الشبكة بالكامل، كما قد تسبب اختناقاً (عنق الزجاجة).
"لماذا تُفضل التقنيات ""غير المتزامنة"" (الديناميكية) على التقنيات ""المتزامنة"" في شبكات LAN و MAN؟",لأن التقنيات المتزامنة تخصص سعة محددة قد لا تتناسب مع احتياجات المحطات التي لا يمكن توقعها، مما يسبب هدراً. بينما التقنيات غير المتزامنة تحدد السعة ديناميكياً لتتوافق مع المتطلبات الفورية للمحطات.
"اشرح مبدأ عمل طريقة ""الجولة"" (Round Robin).",في هذه الطريقة، تُعطى كل محطة دورها في فرصة الإرسال لفترة زمنية محددة أو كمية بيانات محددة. عندما تنتهي فترتها، تتخلى عن الدور ويتم تمرير حق الإرسال إلى المحطة التالية.
"متى يعتبر استخدام تقنية ""الجولة"" (Round Robin) غير فعال؟",تكون غير فعالة وتسبب هدراً كبيراً في الوقت عند وجود مجموعة صغيرة فقط من المحطات ترغب بالإرسال ضمن شبكة كبيرة، حيث يضيع الوقت في تمرير الدور لمحطات لا تملك بيانات لترسلها.
"ما هي تقنية ""الحجز"" (Reservation)، وما نوع حركة البيانات التي تناسبها؟","هي تقنية تقوم فيها المحطة الراغبة بالإرسال بحجز شقوق زمنية مستقبلية لمدة محددة. وهي تناسب ""المرور المتتالي"" (مثل نقل الصوت والملفات الكبيرة) الذي يتطلب استمراراً في الإرسال."
"كيف تعمل تقنيات ""النزاع"" (Contention)، وما هي مشكلتها الأساسية؟",في هذه التقنية لا يوجد دور محدد، بل تتنازع كافة المحطات على الزمن للوصول إلى الوسط. مشكلتها الأساسية هي انهيار الأداء عند الحمولات العالية بسبب كثرة التصادمات.
صنف تقنيات الوصول التالية حسب فئتها (جولة، حجز، نزاع) وفقاً للمقاييس المعيارية: IEEE 802.3، Token Ring، DQDB.,IEEE 802.3 (Ethernet): تتبع فئة النزاع (Contention). Token Ring: تتبع فئة الجولة (Round Robin). DQDB: تتبع فئة الحجز (Reservation).
ما هما الطريقتان الأكثر شيوعاً للتحكم بالوصول في الشبكات المحلية (LAN)؟,الطرق الأكثر شيوعاً هي تقنيات الجولة (Round Robin) وتقنيات النزاع (Contention).