﻿question,answer
"اشرح البنية العامة لإطار التحكم بالوصول للوسط (MAC Frame) وما هي الحقول الخمسة الرئيسية التي يتكون منها؟","بشكل عام، تتشابه كافة أطر MAC في الشكل العام وتتكون من خمسة حقول رئيسية هي: 1- حقل التحكم (MAC Control) لمعلومات البروتوكول. 2- عنوان المستقبل (Destination MAC Address). 3- عنوان المرسل (Source MAC Address). 4- حقل بيانات LLC القادم من الطبقة الأعلى. 5- حقل فحص الحشو الدوري (CRC) لكشف الأخطاء."
"كيف تتوزع وظيفة ""التحكم بالأخطاء"" (Error Control) بين طبقتي MAC و LLC في بنية بروتوكول الشبكة المحلية؟","تتوزع الوظائف بحيث تكون طبقة MAC مسؤولة عن كشف الخطأ باستخدام CRC وطرح (إهمال) الأطر المعيبة فوراً، بينما تقوم طبقة LLC (بشكل اختياري) بالاحتفاظ بالأطر الناجحة وإعادة طلب إرسال الأطر التي لم تنجح (التي طرحتها طبقة MAC)."
"ما هو مبدأ عمل ""الجسور"" (Bridges) وما الشرط الأساسي لنجاح الاتصال بين طرفين عبر الجسر؟","تعمل الجسور كمبدلة لمستوى MAC لربط الشبكات المحلية (LANs) التي تستخدم بروتوكولات متطابقة عند طبقة MAC. لنجاح الاتصال، يجب أن تكون طبقة LLC والطبقات التي فوقها متطابقتين تماماً في النظامين الطرفيين المتصلين."
"قارن بين الجسور (Bridges) والموجهات (Routers) من حيث طبقة العمل والاستخدام الأمثل.","الجسور تعمل في الطبقة الثانية (MAC/الفيزيائية) وهي الحل الأسهل للشبكات من نوع واحد. أما الموجهات فتعتمد على بروتوكول الطبقة الثالثة (IP)، وتستخدم عند اختلاف أنواع الشبكات، وهي أكثر تعقيداً من الجسور."
"صف الخطوات التي يقوم بها الموجه (Router) عند استلام إطار بيانات موجه لشبكة أخرى.","عند استلام الإطار: 1- يزيل الموجه رأسي وذيلي الإطار (MAC) وطبقة LLC. 2- يحلل رأس IP لتحديد المستقبل. 3- يتخذ قرار التوجيه (للمستقبل أو لموجه آخر). 4- ينشئ إطاراً جديداً بالعنوان المناسب ويرسله عبر الشبكة التالية."
"لماذا تُعتبر خدمة بروتوكول IP خدمة ""غير موثوقة""، ومن المسؤول عن تصحيح هذا الوضع؟","تعتبر غير موثوقة لأنه لا يضمن إيصال كافة البيانات ولا ترتيبها الصحيح. تقع مسؤولية تصحيح الأخطاء وضمان الوثوقية على عاتق الطبقة الأعلى، وهي طبقة TCP في نموذج TCP/IP."
"كيف يتعامل الموجه مع نقل وحدة بيانات IP عبر شبكة وسيطة تستخدم بروتوكولاً مختلفاً (مثل X.25)؟","يقوم الموجه بلف (تغليف) وحدة بيانات IP ضمن رزمة بروتوكول الشبكة الوسيطة (مثل X.25) ويضيف عنونة كافية للوصول للموجه التالي. عند الوصول، يتم إزالة رأس الرزمة لاستخراج وحدة بيانات IP الأصلية."
"ما هي وظيفة حقل CRC (فحص الحشو الدوري) وكيف يتم التأكد من سلامة البيانات من خلاله؟","يُعرف أيضاً بـ FCS، وظيفته كشف الأخطاء. يتم توليد قيمته رياضياً عند المرسل وعند المستقبل بناءً على محتويات الإطار. إذا اختلفت النتيجة المحسوبة عند المستقبل عن القيمة الموجودة في الحقل، فهذا يعني حدوث خطأ أثناء النقل."
"ماذا يضيف بروتوكول IP إلى كتلة البيانات القادمة من الطبقة الأعلى (TCP) وما فائدة هذه الإضافة؟","يضيف IP رأساً يحدد العنوان العام للمحطة (مكون من محدد الشبكة ومحدد المحطة). فائدته مساعدة بروتوكول IP على معرفة ما إذا كان المستقبل في نفس الشبكة المحلية أو في شبكة جزئية أخرى تتطلب التوجيه."
"كيف تساهم طبيعة بروتوكول IP (غير المضمونة) في التعامل مع ازدحام الشبكة والأعطال؟","بما أن تسلسل الوصول غير مضمون ولا يوجد مسار محجوز مسبقاً، يمكن لوحدات البيانات المتتالية اتباع مسارات مختلفة. هذا يسمح للبروتوكول بالتعامل بمرونة مع الازدحام والأعطال عبر تغيير المسارات (Routing) دون قطع الاتصال."