﻿question,option_a,option_b,option_c,option_d,correct_answer,correct_explanation,concept_explanation,explanation_a,explanation_b,explanation_c,explanation_d
"تتضمن الاتصالات باستخدام الشبكات الحاسوبية ثلاث أدوات (عوامل) رئيسية، هي التطبيقات والحواسب و...","المخدمات","الكابلات","الشبكات","البيانات","الشبكات","تعد الشبكات هي الركيزة الثالثة للاتصالات بجانب التطبيقات والحواسب، حيث تمثل البنية التحتية التي تربط الحواسب ببعضها.","تعتمد الاتصالات الحاسوبية على مثلث يتكون من: البرمجيات (التطبيقات)، الأجهزة (الحواسب)، ووسيلة الربط (الشبكات).","المخدمات هي نوع من الحواسب، وبالتالي تندرج تحت فئة الحواسب وليست عاملاً منفصلاً في هذا التصنيف العام.","الكابلات هي جزء من مكونات الشبكة (وسائط النقل) وليست التصنيف الرئيسي للعامل الثالث.","إجابة صحيحة؛ الشبكات هي العنصر الثالث الذي يربط بين الحواسب لتمكين عمل التطبيقات.","البيانات هي المحتوى المنقول عبر الاتصال وليست أداة أو عاملاً من عوامل تكوين نظام الاتصال."
"الأجزاء التقنية الأساسية التي تحدد طبيعة شبكة LAN أو MAN هي طريقة الربط، ووسائط النقل، و...","سرعة المعالج","تقنية بروتوكول الوصول للوسط","نظام التشغيل","سعة التخزين","تقنية بروتوكول الوصول للوسط","تحدد تقنية بروتوكول الوصول للوسط (مثل CSMA/CD) القواعد التي تنظم كيفية إرسال البيانات، وهي محدد أساسي لهوية الشبكة المحلية.","تتحدد هوية الشبكات المحلية (LAN) تقنياً بثلاثة عناصر: الطوبولوجيا (الربط)، نوع الكابلات (الوسائط)، وكيفية تنظيم المرور (بروتوكول الوصول).","سرعة المعالج هي خاصية للحاسب الفردي ولا تحدد طبيعة الشبكة أو نوعها.","إجابة صحيحة؛ هو العنصر الثالث الأساسي لتحديد نوع الشبكة وتقنيتها.","نظام التشغيل يدير موارد الجهاز والشبكة برمجياً، لكنه لا يحدد البنية التقنية الفيزيائية للشبكة.","سعة التخزين هي خاصية للأجهزة ولا علاقة لها بتحديد نوع الشبكة وطبيعة نقلها."
"يمثل المقياس IEEE 802.2 بنية البروتوكول المرجعي، والذي يمثل بدوره كلاً من:","بروتوكول TCP و IP","الطبقة الفيزيائية وطبقة الشبكة","بروتوكول التحكم بالوصول للوسط (MAC) وبروتوكول التحكم بالوصل المنطقي (LLC)","الطبقات العليا والطبقات الدنيا","بروتوكول التحكم بالوصول للوسط (MAC) وبروتوكول التحكم بالوصل المنطقي (LLC)","يقسم معيار IEEE 802 طبقة ربط البيانات إلى طبقتين فرعيتين هما LLC في الأعلى و MAC في الأسفل.","بنية البروتوكول المرجعي IEEE 802 تركز على تقسيم طبقة ربط البيانات لتناسب الشبكات المحلية، مما ينتج عنه طبقتي LLC و MAC.","TCP/IP هو نموذج شبكي مختلف تماماً يختص بالربط الشبكي والإنترنت ولا يمثل بنية 802.2 المحددة.","الطبقة الفيزيائية والشبكة هما طبقتان مختلفتان في نموذج OSI، بينما 802.2 يركز على تفاصيل طبقة الربط.","إجابة صحيحة؛ وهما المكونان الرئيسيان اللذان يحددهما هذا المقياس لإدارة الشبكات المحلية.","تصنيف عام جداً وغير دقيق؛ المقياس يحدد طبقات فرعية بعينها وليس مجرد تقسيم علوي وسفلي."
"البروتوكول الذي يعتبر أساس تحديد الأنواع المختلفة لشبكات LAN هو:","LLC","MAC","TCP","IP","MAC","طبقة MAC تتعامل مع الأجهزة ووسط النقل مباشرة، واختلاف طريقة الوصول للوسط (Ethernet vs Token Ring) هو ما يحدد نوع الشبكة.","تختلف الشبكات المحلية عن بعضها (مثل إيثرنت أو واي فاي) بناءً على طريقة التحكم في الوصول للوسط (MAC).","بروتوكول LLC هو طبقة منطقية موحدة غالباً ولا تحدد الاختلافات الفيزيائية بين أنواع الشبكات.","إجابة صحيحة؛ لأنه المسؤول عن تنظيم الوصول للوسط المادي، مما يميز كل شبكة عن الأخرى.","TCP هو بروتوكول نقل يعمل في طبقات أعلى ولا علاقة له بتحديد نوع الشبكة المحلية الفيزيائية.","IP هو بروتوكول شبكة للعنونة والتوجيه ويعمل بشكل مستقل عن نوع الشبكة المحلية."
"في جدول المقارنة، طبقة 'Network' في نموذج OSI تقابلها في نموذج TCP/IP طبقة:","Host-to-host","Internet","Access","Process","Internet","في نموذج TCP/IP، الطبقة المسؤولة عن التوجيه والعنونة (المقابلة لطبقة الشبكة في OSI) تسمى طبقة الإنترنت (Internet).","يتم دمج أو إعادة تسمية طبقات OSI عند تحويلها لنموذج TCP/IP، حيث تقابل وظائف التوجيه (Network) طبقة الإنترنت.","Host-to-host تقابل طبقة النقل (Transport) وليس الشبكة.","إجابة صحيحة؛ هي الطبقة المقابلة التي تؤدي وظائف IP والتوجيه.","Access تقابل الطبقات الدنيا (الفيزيائية وربط البيانات).","Process تقابل الطبقات العليا (التطبيقات). "
"في جدول المقارنة، طبقة 'Transport' في نموذج OSI تقابلها في نموذج TCP/IP طبقة:","Host-to-host","Internet","Access","Process","Host-to-host","طبقة النقل في OSI مسؤولة عن النقل الموثوق للبيانات، وهو ما تقوم به طبقة Host-to-host في TCP/IP.","كلا الطبقتين مسؤولتان عن تأمين نقل البيانات بين الأجهزة النهائية (End-to-End) وضمان وصولها.","إجابة صحيحة؛ حيث تعنى بربط المضيف بالمضيف لنقل البيانات.","Internet تقابل طبقة الشبكة (Network).","Access تقابل طبقة الوصول للشبكة (الطبقات الدنيا).","Process تقابل طبقة التطبيقات (Application)."
"بروتوكولات الطبقات العليا (الطبقة 3 أو 4 وما فوق) تكون:","مرتبطة كلياً بنوع الكابل المستخدم","مستقلة عن بنية الشبكة وقابلة للتطبيق على LAN و MAN","جزءاً من الطبقة الفيزيائية","خاصة فقط بشبكات WAN","مستقلة عن بنية الشبكة وقابلة للتطبيق على LAN و MAN","صممت الطبقات العليا لتعمل برمجياً دون الاهتمام بنوع الشبكة الفيزيائية، مما يجعلها موحدة سواء كانت الشبكة LAN أو MAN.","مبدأ الطبقات في الشبكات يعزل التطبيقات والبروتوكولات العليا عن تفاصيل العتاد والأسلاك في الطبقات الدنيا.","الطبقات العليا لا تتأثر بنوع الكابل أو الوسط الفيزيائي.","إجابة صحيحة؛ فهي مصممة لتعمل فوق أي بنية شبكية.","الطبقة الفيزيائية هي الطبقة الأولى (الدنيا)، والطبقات 3 و4 أعلى منها بكثير.","تستخدم هذه البروتوكولات في جميع أنواع الشبكات وليس WAN فقط."
"يهتم بروتوكول النموذج المرجعي بشكل أساسي بـ:","الطبقات العليا من نموذج OSI","الطبقات الدنيا من نموذج OSI","طبقة التطبيقات فقط","طبقة الجلسة فقط","الطبقات الدنيا من نموذج OSI","يركز النموذج المرجعي لشبكات LAN (IEEE 802) على الطبقات الدنيا (الفيزيائية والربط) لأنها هي التي تتغير وتحدد طبيعة الشبكة.","بما أن الطبقات العليا موحدة ومستقلة، فإن الحاجة لنموذج مرجعي تكمن في توحيد وتنظيم الطبقات الدنيا التي تتعامل مع العتاد.","الطبقات العليا مستقلة ولا تحتاج لتدخل النموذج المرجعي الخاص بالشبكات المحلية.","إجابة صحيحة؛ لأنها الطبقات التي تتضمن خصوصية شبكات LAN و MAN.","طبقة التطبيقات هي طبقة عليا ولا يهتم بها النموذج المرجعي للشبكات المحلية.","طبقة الجلسة هي طبقة عليا أيضاً."
"الطبقة الدنيا من النموذج المرجعي لـ IEEE 802 تقابل في نموذج OSI:","طبقة الشبكة","طبقة النقل","الطبقة الفيزيائية","طبقة التطبيقات","الطبقة الفيزيائية","الطبقة الدنيا في كلا النموذجين هي المسؤولة عن التعامل المادي مع الإشارات والوسط، وهي الطبقة الفيزيائية.","يبدأ ترقيم الطبقات من الأسفل، حيث الطبقة 1 هي الفيزيائية في كلا النظامين.","طبقة الشبكة هي الطبقة الثالثة.","طبقة النقل هي الطبقة الرابعة.","إجابة صحيحة؛ وهي المسؤولة عن النقل المادي للإشارات.","طبقة التطبيقات هي الطبقة السابعة (الأخيرة من الأعلى)."
"أي من الوظائف التالية تعتبر من وظائف الطبقة الفيزيائية في نموذج IEEE 802؟","توجيه الرزم","التحكم بالوصل المنطقي","التوليد البدائي/الإزالة (للتزامن)","إدارة الجلسة","التوليد البدائي/الإزالة (للتزامن)","تتضمن مهام الطبقة الفيزيائية إضافة مقدمة للإشارة (Preamble) لضمان تزامن المستقبل مع المرسل قبل بدء البيانات.","الطبقة الفيزيائية مسؤولة عن التشفير، التزامن، وإرسال البتات عبر الوسط.","توجيه الرزم هو وظيفة طبقة الشبكة (Layer 3).","التحكم بالوصل المنطقي هو وظيفة طبقة LLC (جزء من Layer 2).","إجابة صحيحة؛ وهي ضرورية لضبط توقيت الإرسال والاستقبال.","إدارة الجلسة هي وظيفة طبقة الجلسة (Layer 5)."
"في نموذج IEEE 802، يعتبر 'تعيين وسط النقل' جزءاً من:","الطبقة الفيزيائية","أسفل الطبقة الفيزيائية","طبقة MAC","طبقة LLC","الطبقة الفيزيائية","في معيار IEEE 802، يتم دمج مواصفات الكابل (الوسط) داخل تعريف الطبقة الفيزيائية لأهميته في تصميم الشبكة المحلية.","يختلف IEEE 802 عن OSI في أنه يعتبر مواصفات الوسط جزءاً من الطبقة الأولى وليست شيئاً خارجياً عنها.","إجابة صحيحة؛ حيث تشمل الطبقة الفيزيائية تحديد نوع الوسط (نحاس، ألياف، إلخ).","هذا هو الحال في نموذج OSI النظري، ولكن ليس في IEEE 802.","طبقة MAC تعنى بالتحكم في الوصول وتقع فوق الفيزيائية.","طبقة LLC تعنى بالربط المنطقي وتقع فوق MAC."
"الوظيفة التي تتضمن 'تأمين واحدة أو أكثر من نقاط الوصول للخدمات (SAP)' تقع ضمن مهام:","طبقة MAC","طبقة LLC","الطبقة الفيزيائية","طبقة الشبكة","طبقة LLC","تعمل طبقة LLC كواجهة برمجية توفر نقاط وصول (SAPs) للطبقات العليا لطلب خدمات الشبكة.","نقاط الوصول للخدمة (SAPs) هي البوابات التي تمر منها البيانات من البرمجيات (الطبقات العليا) إلى الشبكة (الطبقات الدنيا)، وتديرها LLC.","طبقة MAC مشغولة بإدارة الوصول للوسط والعنونة الفيزيائية.","إجابة صحيحة؛ فهي الوسيط بين الطبقات العليا والطبقات السفلى.","الطبقة الفيزيائية تتعامل مع الإشارات الكهربائية فقط.","طبقة الشبكة تستخدم هذه النقاط (SAPs) ولكنها لا تؤمنها، بل تطلبها من LLC."
"الوظائف المتعلقة بتجميع البيانات في إطار، والعنونة، وكشف الخطأ تقع ضمن مهام:","طبقة MAC","طبقة LLC","الطبقة الفيزيائية","الطبقات العليا","طبقة MAC","تختص طبقة MAC بتغليف البيانات القادمة في 'أطر' (Frames) وإضافة العناوين الفيزيائية وكود كشف الخطأ قبل الإرسال.","عملية التأطير (Framing) هي الجوهر الوظيفي لطبقة MAC لتحضير البيانات للمرور في الوسط المشترك.","إجابة صحيحة؛ وتشمل أيضاً التحكم في الوصول للوسط.","طبقة LLC تهتم بالربط المنطقي ولا تتدخل في تفاصيل بناء الإطار الفيزيائي وعنونته.","الطبقة الفيزيائية تنقل البتات الخام ولا تفهم مفهوم 'الإطار' أو العنوان.","الطبقات العليا تتعامل مع البيانات كمحتوى وليس كهيكل نقل (Frames)."
"تم فصل طبقة MAC كطبقة مستقلة لأن المنطق المطلوب للوصول إلى ........... غير موجود في الطبقة الثانية التقليدية.","العقدة الابتدائية","الوسط المشترك","المخدم المركزي","الذاكرة العشوائية","الوسط المشترك","الشبكات المحلية تعتمد على وسط مشترك (Shared Medium) يتنافس عليه الجميع، مما تطلب طبقة خاصة (MAC) لإدارته، عكس الاتصالات القديمة.","وجود كابل واحد أو وسط لاسلكي واحد للجميع يخلق تحدي 'التصادم'، وهو ما تحله طبقة MAC.","العقدة الابتدائية هي مفهوم يخص الشبكات المركزية القديمة، وليس سبب فصل MAC في الشبكات الحديثة.","إجابة صحيحة؛ فالوسط المشترك يتطلب تحكماً خاصاً لتنظيم المرور.","المخدم المركزي هو دور وظيفي ولا علاقة له بمنطق الوصول للوسط في الطبقة الثانية.","الذاكرة العشوائية هي مكون مادي داخل الحاسب ولا علاقة لها ببروتوكولات الشبكة."
"يهتم بروتوكول LLC بنقل وحدة بيانات تسمى:","Packet","Segment","Protocol Data Unit (PDU)","Bit","Protocol Data Unit (PDU)","يتعامل بروتوكول LLC مع وحدات بيانات تسمى PDU خاصة بطبقة الوصل لنقلها بين المحطتين.","يستخدم مصطلح PDU بشكل عام لوصف وحدة البيانات في طبقة معينة، وفي سياق LLC يتم نقل PDU مستوى الوصل.","Packet هي وحدة البيانات في طبقة الشبكة (Network Layer).","Segment هي وحدة البيانات في طبقة النقل (Transport Layer).","إجابة صحيحة؛ وهي الوحدة التي يتم تبادلها منطقياً بين طبقتي LLC في الطرفين.","Bit هو وحدة البيانات في الطبقة الفيزيائية."
"إحدى الخصائص الفريدة لطبقة LLC هي أنها يجب أن تدعم طبيعة:","الوصول المتعدد للوسط المشترك","الاتصال من نقطة لنقطة فقط","الشبكات السلكية فقط","الشبكات اللاسلكية فقط","الوصول المتعدد للوسط المشترك","صممت LLC لتعمل في بيئة الشبكات المحلية حيث تتشارك عدة أجهزة نفس الوسط (Multi-access)، وليس مجرد جهازين متصلين.","الوصول المتعدد هو السمة المميزة لشبكات LAN، ويجب أن يكون البروتوكول قادراً على التعامل مع هذه البيئة.","إجابة صحيحة؛ وهذه الخاصية تميزها عن بروتوكولات الوصل التقليدية (Point-to-Point).","الاتصال من نقطة لنقطة هو النموذج القديم أو الخاص بوصلات WAN المباشرة.","LLC تعمل على الشبكات السلكية واللاسلكية على حد سواء ولا تقتصر على واحدة.","LLC تدعم اللاسلكي والسلكي، وليست مخصصة لواحد فقط."
"تتميز LLC بأنها تتحرر من تفاصيل الوصول للوصلة بسبب وجود:","طبقة التطبيقات","طبقة MAC","طبقة الشبكة","بروتوكول TCP","طبقة MAC","وجود طبقة MAC أسفل LLC يتولى المهام المعقدة للوصول للوسط، مما يسمح لـ LLC بالتركيز على المهام المنطقية فقط.","تقوم طبقة MAC بعزل تعقيدات العتاد والوسط عن طبقة LLC.","طبقة التطبيقات تقع فوق LLC ولا تؤثر على تحررها من التفاصيل السفلية.","إجابة صحيحة؛ فطبقة MAC هي التي تقوم بالعمل الشاق في إدارة الوصول.","طبقة الشبكة هي مستهلك لخدمات LLC وليست سبباً في تحررها.","TCP بروتوكول نقل علوي ولا علاقة له بتفاصيل الوصول للوصلة."
"الطبقات الأعلى من LLC تؤمن خدمات:","من عقدة لعقدة","من الطبقة الفيزيائية للشبكة","من نهاية إلى نهاية (End-to-End)","للوصول للوسط","من نهاية إلى نهاية (End-to-End)","تركز الطبقات العليا (مثل النقل والتطبيقات) على ضمان وصول البيانات من التطبيق المرسل إلى التطبيق المستقبل بغض النظر عن المسار.","مفهوم End-to-End يعني أن التواصل يتم بين الطرفين النهائيين دون الاكتراث للتفاصيل الوسيطة، وهو دور الطبقات العليا.","من عقدة لعقدة هو دور طبقة ربط البيانات (Data Link).","هذا وصف غير دقيق لخدمات الطبقات العليا.","إجابة صحيحة؛ وتضمن سلامة وموثوقية الاتصال الكامل.","الوصول للوسط هو وظيفة الطبقات الدنيا (MAC/Physical)."
"تتفاعل طبقة MAC للمحطة مع وسط نقل الشبكة لتنفيذ:","بروتوكول الإنترنت","بروتوكول التحكم بالوصول","بروتوكول النقل","بروتوكول الجلسة","بروتوكول التحكم بالوصول","المهمة الأساسية لطبقة MAC هي تطبيق قواعد المرور (بروتوكول التحكم) على الوسط لتنظيم الإرسال وتجنب التصادم.","التفاعل مع الوسط يعني مراقبته والتحكم في متى يتم الإرسال، وهو جوهر التحكم بالوصول (Access Control).","بروتوكول الإنترنت (IP) يعمل في الطبقة الثالثة ولا يتفاعل مباشرة مع الوسط الفيزيائي.","إجابة صحيحة؛ وهو البروتوكول الذي يحدد من يحق له استخدام الشبكة الآن.","بروتوكول النقل يعمل في الطبقة الرابعة.","بروتوكول الجلسة يعمل في الطبقة الخامسة."
"وحدات بيانات البروتوكول عند مستوى MAC تسمى:","حزم MAC","قطع MAC","أطر MAC","رسائل MAC","أطر MAC","تسمى وحدة البيانات في الطبقة الثانية (MAC Layer) بـ 'الإطار' (Frame).","كل طبقة لها اسم مميز لوحدة بياناتها، وفي طبقة MAC الاسم العلمي هو MAC Frame.","حزم (Packets) تطلق عادة على وحدات طبقة الشبكة (IP Packets).","قطع (Segments) تطلق على وحدات طبقة النقل (TCP Segments).","إجابة صحيحة؛ الإطار هو الحاوية التي تضم البيانات والعناوين الفيزيائية.","رسائل (Messages) تطلق عادة على بيانات طبقة التطبيقات."