﻿question,option_a,option_b,option_c,option_d,correct_answer,correct_explanation,concept_explanation,explanation_a,explanation_b,explanation_c,explanation_d
ما هي المهمة الأساسية لبروتوكول التحكم بالوصول للوسط (MAC)؟,تأمين وسائل التحكم بالوسط لضمان استخدام فعال لسعته.,تشفير البيانات لمنع اختراق الشبكة.,تحديد المسار الأقصر للبيانات بين الشبكات (Routing).,تحويل الإشارات الرقمية إلى تماثلية.,A,يعرف الملف مهمة MAC بأنها تأمين وسائل التحكم بالوسط لتأمين استخدام فعال لسعة الوسط وتبادل البيانات.,فكر في كيفية تنظيم المرور في طريق مزدحم لضمان الاستخدام الأمثل.,يعرف الملف مهمة MAC بأنها تأمين وسائل التحكم بالوسط لتأمين استخدام فعال لسعة الوسط وتبادل البيانات.,التشفير ليس من وظائف MAC الأساسية المذكورة في الملف.,تحديد المسار هو وظيفة طبقة الشبكة (Network Layer) وليس MAC.,هذه وظيفة المودم أو الطبقة الفيزيائية، وليست وظيفة التحكم بالوصول.
ما هي إحدى المساوئ الرئيسية للبنية المركزية في التحكم بالوصول؟,صعوبة منح الأولويات للمحطات المختلفة.,تنشئ نقطة وحيدة للفشل (Single Point of Failure).,تتطلب منطق وصول معقد جداً عند كل محطة طرفية.,لا يمكن استخدامها في الشبكات اللاسلكية.,B,يذكر الملف أن تعطل النقطة المركزية يؤدي لتعطل كامل الشبكة، وهي سلبية رئيسية.,ماذا يحدث للشبكة إذا تعطل المدير الذي يتحكم بكل شيء؟,بالعكس، البنية المركزية توفر تحكماً أكبر بالأولويات.,يذكر الملف أن تعطل النقطة المركزية يؤدي لتعطل كامل الشبكة، وهي سلبية رئيسية.,البنية المركزية تمكن من استخدام منطق وصول بسيط نسبياً عند المحطات.,يمكن استخدامها في اللاسلكي (مثل أبراج الخلوي).
لماذا لا تعتبر التقنيات المتزامنة (Synchronous) هي الأفضل لشبكات LAN و MAN؟,لأنها بطيئة جداً في نقل البيانات.,لأنه لا يمكن توقع احتياجات المحطات، مما يؤدي لهدر السعة.,لأنها تتطلب كابلات من نوع خاص.,لأنها لا تدعم نقل الصوت والصورة.,B,يوضح الملف أن تخصيص سعة ثابتة غير فعال لأن احتياجات البيانات متغيرة وغير متوقعة.,هل من الأفضل حجز مقعد دائم لشخص قد لا يأتي، أم الحجز عند الطلب؟,ليست المشكلة في السرعة بحد ذاتها، بل في الكفاءة.,يوضح الملف أن تخصيص سعة ثابتة غير فعال لأن احتياجات البيانات متغيرة وغير متوقعة.,نوع الكابلات ليس السبب المذكور.,التقنيات المتزامنة تدعم الصوت والصورة جيداً، لكنها ليست فعالة للبيانات العشوائية.
أي من الفئات التالية يندرج تحتها تقسيم الوصول غير المتزامن؟,"TDM, FDM, CDM",الجولة (Round Robin)، الحجز (Reservation)، النزاع (Contention).,المركزي، الموزع، الهجين.,"LAN, MAN, WAN",B,يعدد الملف هذه الفئات الثلاث كأقسام للوصول غير المتزامن.,تذكر الطرق الثلاث: الدور، الحجز المسبق، والمنافسة.,هذه تقنيات تقسيم متزامن أو ترددي وليست فئات الوصول غير المتزامن المذكورة.,يعدد الملف هذه الفئات الثلاث كأقسام للوصول غير المتزامن.,هذا تصنيف لمكان التحكم (أين) وليس لفئات الوصول غير المتزامن (كيف).,هذه أنواع شبكات وليست تقنيات وصول.
في تقنية الجولة (Round Robin)، متى يحدث هدر كبير في الوقت؟,عندما تكون الشبكة مزدحمة جداً.,عندما تحاول محطة واحدة السيطرة على الشبكة.,في حال وجود مجموعة صغيرة من المحطات ترغب بالإرسال.,عند استخدام كابلات الألياف الضوئية.,C,يشير الملف إلى أن تمرير الدور لمحطات لا تريد الإرسال يضيع الوقت.,تخيل أن الكرة تدور على 50 شخصاً، وفقط شخصان يريدان التحدث.,في الازدحام تكون الطريقة فعالة.,النظام يمنع السيطرة لأنه يعطي دوراً محدداً لكل محطة.,يشير الملف إلى أن تمرير الدور لمحطات لا تريد الإرسال يضيع الوقت.,لا علاقة لنوع الكابل بهذه المشكلة المنطقية.
ما هي التقنية التي تناسب المرور المتتالي (مثل نقل الملفات الكبيرة أو الصوت)؟,الحجز (Reservation).,النزاع (Contention).,التصادم العشوائي.,الوصول العشوائي البحت.,A,يذكر الملف أن تقنية الحجز تناسب المرور المتتالي حيث تحجز المحطة شقوقاً زمنية.,أي طريقة تضمن لك وقتاً محدداً دون مقاطعة؟,يذكر الملف أن تقنية الحجز تناسب المرور المتتالي حيث تحجز المحطة شقوقاً زمنية.,النزاع يناسب المرور المتقطع وقد يسبب تقطعاً في الصوت.,التصادم هو مشكلة وليس تقنية مناسبة.,غير مناسب لضمان استمرار التدفق.
ما هي المشكلة الأساسية في تقنيات النزاع (Contention) عند الأحمال العالية؟,انهيار الأداء بسبب كثرة التصادمات.,زيادة تعقيد الأجهزة.,تصبح الشبكة مركزية.,هدر الوقت في تمرير الدور.,A,يذكر الملف أنه عند الحمولات العالية ينهار الأداء في بعض تقنيات النزاع.,ماذا يحدث في غرفة صف إذا أراد جميع الطلاب التحدث في نفس الوقت بصوت عالٍ؟,يذكر الملف أنه عند الحمولات العالية ينهار الأداء في بعض تقنيات النزاع.,تقنيات النزاع تتميز ببساطة التنفيذ.,تقنيات النزاع موزعة بطبيعتها ولا تتحول لمركزية.,هدر وقت الدور هو مشكلة الجولة (Round Robin) وليس النزاع.
وفقاً للجدول المعياري، أي معيار يستخدم تقنية CSMA/CD؟,IEEE 802.5,IEEE 802.3,IEEE 802.11,IEEE 802.6,B,يحدد الجدول IEEE 802.3 كمعيار يستخدم CSMA/CD (الإيثرنت).,هو المعيار الأشهر للشبكات السلكية (Ethernet).,هذا معيار حلقة الرمز (Token Ring).,يحدد الجدول IEEE 802.3 كمعيار يستخدم CSMA/CD (الإيثرنت).,يستخدم CSMA (لاسلكي) وليس CSMA/CD السلكي.,هذا معيار DQDB للحجز.
إلى أي فئة تنتمي تقنية حلقة الرمز (Token Ring)؟,الحجز (Reservation).,الجولة (Round Robin).,النزاع (Contention).,المتزامن (Synchronous).,B,حلقة الرمز تعتمد على تمرير الدور، مما يضعها ضمن فئة الجولة.,بما أن الرمز يدور بين المحطات، فما هو نوع التقنية؟,الحجز يعتمد على شقوق زمنية وليس تمريراً للرمز.,حلقة الرمز تعتمد على تمرير الدور، مما يضعها ضمن فئة الجولة.,لا يوجد نزاع في حلقة الرمز لأن الإرسال منظم بالدور.,تصنف ضمن الطرق غير المتزامنة لأنها تخصص السعة ديناميكياً.
ما هو المعيار الذي يمثل تقنية الحجز (Reservation) في الجدول؟,DQDB (IEEE 802.6),Ethernet (IEEE 802.3),Token Bus (IEEE 802.4),FDDI,A,الجدول يضع DQDB وحيداً تحت خانة الحجز.,هو المعيار المستخدم في شبكات MAN ويعتمد على طوابير موزعة.,الجدول يضع DQDB وحيداً تحت خانة الحجز.,هذا نزاع.,هذا جولة.,هذا حلقة رمز (جولة).
التدوير (Polling) هو مثال على أي نوع من التحكم؟,التحكم الموزع.,التحكم المركزي.,التحكم العشوائي.,النزاع.,B,يذكر الملف أن Polling هو أحد الأمثلة على التقنيات المركزية (ضمن فئة الجولة).,عندما يسأل المعلم الطلاب واحداً تلو الآخر، من يملك التحكم؟,التدوير عادة يتم بواسطة متحكم رئيسي يسأل المحطات.,يذكر الملف أن Polling هو أحد الأمثلة على التقنيات المركزية (ضمن فئة الجولة).,التدوير منظم جداً وليس عشوائياً.,لا يوجد نزاع، المتحكم يمنح الإذن.
في تقنية النزاع (Contention)، كيف يتم تحديد الدور للإرسال؟,بواسطة رمز مميز يدور بين المحطات.,بواسطة جدول زمني محدد مسبقاً.,لا يتم استخدام التحكم لتحديد الدور، بل تتنازع المحطات.,بواسطة الملقم المركزي.,C,ينص الملف على أنه في النزاع لا يوجد تحديد للدور، والمحطات تتنافس.,الاسم 'نزاع' يوحي بعدم وجود ترتيب مسبق.,هذه طريقة الجولة.,هذه طريقة متزامنة أو حجز.,ينص الملف على أنه في النزاع لا يوجد تحديد للدور، والمحطات تتنافس.,النزاع تقنية موزعة ولا تعتمد على ملقم مركزي لتحديد الدور.
أي التقنيات التالية تعتبر موزعة (Distributed) بطبيعتها؟,النزاع (Contention).,التدوير (Polling).,التحكم عبر نقطة وصول مركزية.,نظام الحجز المركزي.,A,يذكر الملف: 'هذه التقنيات بالضرورة موزعة بطبيعتها'.,التقنية التي لا تعتمد على رئيس يوزع الأدوار.,يذكر الملف: 'هذه التقنيات بالضرورة موزعة بطبيعتها'.,التدوير مركزي.,واضح من الاسم أنها مركزية.,مركزي.
ما هي الميزة الإيجابية للبنية المركزية المذكورة في الملف؟,عدم وجود نقطة فشل وحيدة.,تجنب مشاكل التنسيق الموزع بين الكيانات المتناظرة.,أداء عالٍ جداً عند الحمولات القصوى دون عنق زجاجة.,تكلفة أقل في جميع الحالات.,B,يذكر الملف أن المركزية تتجنب تعقيدات التنسيق الموزع.,القرارات الفردية أسهل من التنسيق بين مجموعة كبيرة.,هذه ميزة للموزعة، المركزية تعاني من نقطة فشل.,يذكر الملف أن المركزية تتجنب تعقيدات التنسيق الموزع.,المركزية تعاني من عنق الزجاجة.,لم تذكر التكلفة كميزة مطلقة.
ما هما الطريقتان الأكثر شيوعاً في شبكات LAN وفقاً للملف؟,النزاع (Contention) والجولة (Round Robin).,الحجز (Reservation) والنزاع.,TDM و FDM.,المركزي والموزع.,A,يذكر الملف في نهايته: 'الطرق الأكثر شيوعاً ضمن شبكات LAN هي تقنيات Round Robin و Contention'.,فكر في الإيثرنت (نزاع) والتوكن رينج (جولة).,يذكر الملف في نهايته: 'الطرق الأكثر شيوعاً ضمن شبكات LAN هي تقنيات Round Robin و Contention'.,الحجز أقل شيوعاً في LAN.,هذه تقنيات متزامنة لا تفضل في LAN.,هذا تصنيف عام وليس تقنيات محددة.