question,option_a,option_b,option_c,option_d,correct_answer,correct_explanation,concept_explanation,explanation_a,explanation_b,explanation_c,explanation_d
"في الإطار التالي: 10 RR - - 4 - G، ماذا يعني الرقم 4 في حقل N(R)؟","المحطة استلمت الإطار رقم 4 بنجاح","المحطة أرسلت 4 إطارات وتنتظر الرد","المحطة استلمت الإطارات 0,1,2,3 وتنتظر الإطار رقم 4","يوجد خطأ في الإطار رقم 4","option_c","الرقم 4 في N(R) يعني الإقرار التراكمي، أي تم استلام ما قبل 4 بنجاح والآن ننتظر الإطار 4.","N(R) هو عداد الاستقبال الذي يشير إلى رقم الإطار التالي المتوقع استقباله، ويعمل كأداة تأكيد (ACK) للإطارات السابقة.","خطأ، N(R) يشير للقادم وليس ما تم استلامه حالياً.","خطأ، N(S) هو المسؤول عن عدد الإطارات المرسلة وليس N(R).","صحيح، هذا هو مبدأ الإقرار التراكمي في HDLC.","خطأ، G في نهاية الإطار تعني أن الإطار سليم ولا يوجد خطأ."
"في الإطار 10 SABM - 1 - - G، إلى ماذا يشير الرقم 10 في حقل العنوان (Address)؟","عنوان المحطة المرسلة (المصدر)","عنوان المحطة المستقبلة (الوجهة)","رقم تسلسل الإطار","عدد الإطارات في الجلسة","option_b","في بروتوكول HDLC، حقل العنوان يشير دائماً إلى المحطة التي يجب أن تستقبل الإطار (الوجهة).","حقل Address في ترويسة الإطار يحدد الجهاز المقصود بالرسالة، مما يسمح بتعدد الأجهزة على نفس الشبكة.","خطأ، العنوان لا يشير للمرسل في ترويسة HDLC القياسية.","صحيح، العنوان هو وجهة الإطار.","خطأ، رقم التسلسل يوضع في حقلي N(S) أو N(R).","خطأ، هذا ليس عداداً للإطارات."
"ما هو الغرض الرئيسي من إرسال الإطار SABM في بداية الجلسة؟","نقل البيانات للمحطة المستقبلة","إنهاء الاتصال فوراً","تهيئة الاتصال بوضع التوازن اللامتزامن","التأكد من خلو الخط من الأخطاء","option_c","SABM تعني Set Asynchronous Balanced Mode وهي أمر لبدء الاتصال وتصفير العدادات.","مرحلة تأسيس الاتصال تتطلب اتفاق الطرفين على نمط العمل وتصفير العدادات لبدء تبادل البيانات بشكل منظم.","خطأ، نقل البيانات يتم عبر إطارات INFO.","خطأ، إنهاء الاتصال يتم عبر إطار DISC.","صحيح، هو أمر ضبط نمط الاتصال المتوازن.","خطأ، التأكد من الأخطاء وظيفة FCS."
"لماذا تكون قيمة العدادات N(S) و N(R) فارغة أو غير موجودة في إطار UA؟","لأن الاتصال لم يبدأ بعد","لأنه إطار غير مرقم (Unnumbered Frame)","بسبب وجود خطأ في الشبكة","لأن البيانات مشفرة","option_b","إطار UA هو إطار تحكم للموافقة فقط ولا يحمل تسلسلاً، لذلك يسمى Unnumbered.","الإطارات غير المرقمة (U-frames) تستخدم لإدارة الرابط (تأسيس، قطع) ولا تخضع لترقيم التسلسل الخاص بالبيانات.","خطأ، الاتصال يبدأ بهذا الإطار لكن السبب هو نوع الإطار.","صحيح، إطارات U لا تحتوي على حقول تسلسل.","خطأ، لا علاقة له بأخطاء الشبكة.","خطأ، التشفير يتعلق بمحتوى البيانات وليس ترويسة التحكم."
"ماذا تعني القيمة G الموجودة في حقل FCS في نهاية السطر؟","Good - الإطار سليم","Generate - تم توليد الإطار","Go - ابدأ الإرسال","Group - إطار جماعي","option_a","الحرف G يظهر في المحاكي للدلالة على أن فحص التكرار الدوري (CRC) مطابق وأن الإطار سليم.","حقل FCS (Frame Check Sequence) يستخدم خوارزميات رياضية لاكتشاف أي تغيير في البيانات أثناء النقل.","صحيح، تعني أن البيانات وصلت دون تعديل أو ضجيج.","خطأ، ليس لها علاقة بالتوليد.","خطأ، لا تعني أمر البدء.","خطأ، لا تعني مجموعة."
"ما هو نوع النمط (Mode) المستخدم في هذه التجربة ولماذا؟","NRM - لأن هناك محطة رئيسية وأخرى ثانوية","ABM - لأن المحطتين متساويتان في الصلاحيات (Combined)","ARM - لأن الاستجابة غير متزامنة","RIM - لطلب التهيئة","option_b","تم استخدام SABM مما يعني Asynchronous Balanced Mode حيث تعمل المحطات كـ Combined Stations.","في النمط المتوازن، لا يوجد سيد وعبد، بل يمكن لأي محطة بدء الإرسال في أي وقت دون إذن مسبق.","خطأ، NRM يتطلب إذناً من المحطة الرئيسية (Primary).","صحيح، التوازن يعني تساوي الصلاحيات.","خطأ، ARM نمط قديم غير مستخدم هنا.","خطأ، RIM هو وضع مختلف لطلب التهيئة."
"في الإطار 10 SABM - 1 - - G، ماذا تعني القيمة 1 في الحقل P؟","Poll - طلب رد فوري من المستقبل","Priority - الإطار ذو أولوية عالية","Pass - تمرير الإطار للمحطة التالية","Pause - إيقاف الإرسال مؤقتاً","option_a","البت P (Poll) عندما يضبط على 1 يعني أن المرسل يطلب إجابة أو تأكيداً من الطرف الآخر.","بت P/F هو بت واحد في بايت التحكم، يسمى P في الأوامر و F في الاستجابات.","صحيح، المحطة تطلب رداً لتأكيد تأسيس الاتصال.","خطأ، لا يوجد حقل للأولوية بهذا الاسم في HDLC الأساسي.","خطأ، لا يعني تمرير.","خطأ، الإيقاف يتم عبر إطارات RNR."
"ما الفرق الفيزيائي بين البت P في إطار SABM والبت F في إطار UA؟","البت P يأتي في بداية الإطار والبت F في نهايته","البت P قيمته 1 والبت F قيمته 0","لا يوجد فرق فيزيائي، هو نفس البت ويتغير معناه حسب السياق","البت P مخصص للبيانات والبت F مخصص للتحكم","option_c","هو نفس البت في الموقع الخامس من بايت التحكم، يسمى P في الأوامر و F في الاستجابات.","السياق (Context) هو الذي يحدد وظيفة البت؛ إذا كان الإطار (Command) فهو Poll، وإذا كان (Response) فهو Final.","خطأ، مكانهما ثابت في ترويسة التحكم.","خطأ، كلاهما يمكن أن يكون 1 أو 0.","صحيح، الفرق في المعنى المنطقي فقط وليس الموقع الفيزيائي.","خطأ، كلاهما موجود في ترويسة التحكم."
"عندما ترسل المحطة 10 عدة إطارات INFO متتالية (0, 1, 2, 3) دون انتظار رد لكل واحد، ماذا تسمى هذه الآلية؟","التجميع (Multiplexing)","النافذة المنزلقة (Sliding Window)","الوصول المتعدد (Multiple Access)","الإرسال المتزامن (Synchronous Tx)","option_b","إرسال مجموعة إطارات دفعة واحدة قبل وصول التأكيد هو جوهر عمل النافذة المنزلقة.","النافذة المنزلقة تحسن استغلال عرض النطاق الترددي عبر السماح بوجود عدة إطارات 'قيد الطيران' في الشبكة قبل التوقف لانتظار الرد.","خطأ، التجميع هو دمج إشارات مختلفة.","صحيح، تسمح بإرسال N إطار قبل التوقف.","خطأ، الوصول المتعدد يتعلق بطبقة المايك (MAC).","خطأ، هذا مصطلح عام لطريقة النقل الفيزيائي."
"ماذا يحدث للعدادات N(S) و N(R) بعد إتمام عملية المصافحة (SABM/UA) بنجاح؟","تضبط على قيمة عشوائية","تحتفظ بالقيم القديمة للجلسة السابقة","تتصفر (تصبح 0)","تضبط على 1","option_c","أمر SABM يقوم بتهيئة (Reset) لجميع متغيرات الحالة والعدادات لتبدأ من الصفر.","تصفير العدادات ضروري لضمان تزامن الطرفين وبدء تسلسل جديد خالي من تداخلات الجلسات السابقة.","خطأ، العشوائية تكسر النظام.","خطأ، القيم القديمة تسبب تضارباً.","صحيح، يبدأ العد من جديد.","خطأ، البداية تكون من 0."
"ما وظيفة الإطار RR (Receive Ready)؟","نقل بيانات المستخدم","الإعلان عن الجاهزية للاستقبال وتأكيد الإطارات السابقة","قطع الاتصال","الإبلاغ عن وجود خطأ في الاستقبال","option_b","RR يخبر الطرف الآخر: أنا جاهز، وقد استلمت كل شيء حتى الرقم N(R).","يستخدم RR للتحكم في التدفق (Flow Control) ولتأكيد الوصول (ACK) عندما لا يكون هناك بيانات لإرسالها (Piggybacking).","خطأ، INFO هو من ينقل البيانات.","صحيح، هو إطار إشرافي للجاهزية والتأكيد.","خطأ، DISC لقطع الاتصال.","خطأ، REJ أو SREJ للإبلاغ عن الأخطاء."
"إذا أرسلت المحطة إطار DISC ولم تستقبل UA، ماذا ستفعل؟","تعتبر الاتصال مقطوعاً فوراً","تعيد إرسال DISC بعد مهلة زمنية (Timeout)","ترسل إطار SABM من جديد","ترسل إطار RR","option_b","عدم وصول الرد يستوجب إعادة المحاولة لضمان وصول الأمر، وذلك بعد انتهاء المؤقت.","الموثوقية في HDLC تتطلب التأكد من وصول أوامر التحكم الحساسة مثل قطع الاتصال لتجنب تعليق الموارد.","خطأ، يجب المحاولة أولاً للتأكد.","صحيح، تعيد المحاولة لعدد محدد من المرات.","خطأ، SABM لتأسيس الاتصال وليس لقطعه.","خطأ، RR لا علاقة له بإنهاء الاتصال."
"في العبارة 10 INFO 3 1 2 ...، ماذا يمثل الرقم 3 في الموقع N(S)؟","رقم الإطار الذي يتم إرساله حالياً","عدد الإطارات الكلي","رقم الإطار الذي تنتظر المحطة استقباله","عدد الأخطاء","option_a","N(S) هو Send Sequence Number، أي رقم تسلسل هذا الإطار بالتحديد.","يستخدم N(S) في الطرف المستقبل لإعادة ترتيب الإطارات والتأكد من عدم ضياع أي منها.","صحيح، هو المعرف التسلسلي للإطار الحالي.","خطأ، ليس العدد الكلي.","خطأ، ذاك هو N(R).","خطأ، لا علاقة له بالأخطاء."
"ماذا يعني المصطلح Combined Station في سياق هذه التجربة؟","محطة تستقبل فقط","محطة ترسل فقط","محطة تعمل كمرسل ومستقبل ولها حق التحكم الكامل","محطة تحتاج لإذن من المحطة الرئيسية","option_c","المحطة المشتركة (Combined) تدمج وظائف السيد والعبد، وترسل الأوامر والاستجابات.","هذا المفهوم أساسي في النمط المتوازن (Balanced Mode) المستخدم في الشبكات الحديثة (مثل ارتباطات Point-to-Point).","خطأ، الاستقبال فقط وظيفة سلبية.","خطأ، الإرسال فقط غير عملي.","صحيح، لها استقلالية كاملة.","خطأ، هذا ينطبق على Secondary Station."
"أي من الحقول التالية يستخدم لاكتشاف الأخطاء في الإطار؟","Address","Control","Info","FCS","option_d","FCS (Frame Check Sequence) هو ذيل الإطار المخصص لفحص الأخطاء.","يعتمد FCS عادة على خوارزمية CRC-16 أو CRC-32 لحساب قيمة تعتمد على محتوى الإطار ومقارنتها عند الوصول.","خطأ، العنوان للوجهة.","خطأ، التحكم لنوع الإطار.","خطأ، المعلومات للبيانات.","صحيح، هو المسؤول عن سلامة البيانات."
"ماذا يحدث إذا استقبلت المحطة إطاراً وكان FCS غير سليم (ليس G)؟","تطلب إعادة الإرسال فوراً أو تتجاهل الإطار","تقوم بإصلاح الخطأ آلياً","ترسل إطار UA","تغلق الاتصال","option_a","الإطارات التالفة يتم تجاهلها (Discard)، وينتظر المستقبل النسخة الصحيحة أو يرسل REJ.","بروتوكول HDLC يكتشف الأخطاء لكنه لا يصلحها (Error Detection not Correction)، لذا يعتمد على إعادة الإرسال (Retransmission).","صحيح، التجاهل وانتظار انتهاء مهلة المرسل هو الإجراء القياسي.","خطأ، لا تملك قدرة إصلاح البتات التالفة.","خطأ، UA للموافقة على الأوامر فقط.","خطأ، إغلاق الاتصال إجراء جذري لا يتم لخطأ عابر."
"في نهاية الجلسة، تم إرسال إطار DISC بقيمة P=1. ماذا يعني ذلك؟","أنا أقطع الاتصال ولا أنتظر رداً","أنا أقطع الاتصال وأطلب منك تأكيداً بـ UA","أنا أقطع الاتصال مؤقتاً","أنا أقطع الاتصال بسبب خطأ","option_b","وضع P=1 في أمر DISC يلزم الطرف الآخر بإرسال استجابة نهائية (UA F=1).","هذا يضمن أن الطرفين على علم بانتهاء الجلسة، ويمنع بقاء طرف واحد يظن أن الاتصال لا يزال قائماً.","خطأ، P=1 تعني طلب رد.","صحيح، يطلب تأكيداً لضمان التزامن في الإنهاء.","خطأ، القطع نهائي.","خطأ، DISC يتم بطلب المستخدم أو النظام وليس شرطاً بسبب خطأ."
"ما معنى أن يكون العداد N(R) تراكمياً؟","أنه يعد عدد الأخطاء","أنه يؤكد استلام إطار واحد فقط","أنه يؤكد استلام سلسلة متصلة من الإطارات السابقة دفعة واحدة","أنه يجمع حجم البيانات بالبايت","option_c","تراكمي يعني أن الرقم N يؤكد آلياً كل ما قبله (N-1, N-2...).","هذا يقلل من عدد إطارات التحكم (Overhead) في الشبكة، فلا داعي لإرسال ACK لكل إطار بيانات منفصل.","خطأ، لا يعد أخطاء.","خطأ، التأكيد الفردي غير فعال.","صحيح، يؤكد المجموعة كاملة.","خطأ، يتعامل مع عدد الإطارات وليس حجم البايتات."
"في الإطار التالي: 20 INFO 5 0 2 ...، المحطة المرسلة (20) تقول:","أرسلت الإطار رقم 5 وأنتظر الإطار رقم 2","أرسلت 5 إطارات وأنتظر 0","أرسلت الإطار 5 وأنتظر الإطار 0","استلمت الإطار 5 وأرسل 2","option_a","N(S)=5 (أرسلت 5)، N(R)=2 (أنتظر منك 2).","قراءة الإطار تتطلب ربط N(S) بما يرسله الجهاز حالياً، و N(R) بما يتوقعه من الطرف الآخر.","صحيح، N(S) للإرسال الحالي و N(R) للتوقع القادم.","خطأ، 0 في هذا المثال غير موجود في العدادات.","خطأ، N(R) هو 2 وليس 0.","خطأ، المحطة 20 هي المرسلة للإطار 5."
"ما هو الترتيب الصحيح لمراحل جلسة HDLC النموذجية؟","نقل بيانات -&gt; تأسيس -&gt; قطع","تأسيس (SABM) -&gt; نقل بيانات (INFO) -&gt; قطع (DISC)","نقل بيانات -&gt; قطع -&gt; تأسيس","نقل بيانات -&gt; قطع -&gt; تأسيس","option_b","المنطق الطبيعي: مصافحة للبدء، ثم العمل (نقل)، ثم الإنهاء.","أي بروتوكول اتصال موجه (Connection-Oriented) يجب أن يبدأ بـ Setup، ثم Data Transfer، وينتهي بـ Teardown.","خطأ، لا يمكن نقل بيانات قبل التأسيس.","صحيح، هذا هو التسلسل المنطقي والزمني.","خطأ، القطع في البداية غير منطقي.","خطأ، الترتيب معكوس."