question,option_a,option_b,option_c,option_d,correct_answer,correct_explanation,concept_explanation,explanation_a,explanation_b,explanation_c,explanation_d
"في عمود SOURCE على الشاشة، ماذا تعني القيمة DTE؟","تعني أن الإطار قادم من مقسم الشبكة (Switch).","تعني أن الإطار قادم من جهاز المستخدم (Terminal/Router).","تعني أن الإطار قد تم حذفه (Discarded).","تعني أن الإطار يحتوي على خطأ (Error).","option_b","DTE هي اختصار لـ Data Terminal Equipment وهي تشير دائماً إلى الطرفية أو جهاز المستخدم.","Source DTE = المستخدم (المرسل/المستقبل). Source DCE = الشبكة (المقسم).","خطأ: مقسم الشبكة يرمز له بـ DCE.","صحيح: DTE تمثل جهاز المستخدم الذي يرسل أو يستقبل البيانات.","خطأ: حالة الحذف تحدد عبر البت DE وليس عبر اسم المصدر.","خطأ: الأخطاء تكتشف عبر آليات أخرى (مثل CRC) ولا علاقة لها بتسمية المصدر."
"ماذا يمثل الرقم الموجود تحت عمود DLCI في شاشة الفحص؟","زمن التأخير (Delay) بالميلي ثانية.","عدد الإطارات المفقودة.","رقم المعرف الخاص بالدارة الظاهرية (العنوان).","قيمة بت الازدحام الخلفي.","option_c","DLCI (Data Link Connection Identifier) هو رقم يميز المسار المنطقي أو القناة التي تسير فيها البيانات بين نقطتين.","DLCI = رقم الرحلة أو عنوان المسار (Virtual Circuit ID).","خطأ: الزمن لا يظهر في هذا العمود.","خطأ: عداد الفقدان ليس له علاقة بمعرف الدارة.","صحيح: هو المعرف الرقمي للمسار (العنوان).","خطأ: بت الازدحام يظهر تحت عمود BECN."
"عندما تظهر القيمة 1 تحت عمود FECN، فهذا يشير إلى:","وجود ازدحام في الاتجاه الخلفي نحو المرسل.","أن البيانات تالفة ويجب إهمالها.","وجود ازدحام في الاتجاه الأمامي نحو المستقبل.","أن المسار مقطوع تماماً.","option_c","FECN تعني Forward Explicit Congestion Notification، أي إشعار ازدحام أمامي موجه للمستقبل.","FECN = إشعار للمستقبل (للأمام) بأن البيانات تأخرت. BECN = إشعار للمرسل (للخلف) ليخفف السرعة.","خطأ: الازدحام الخلفي هو BECN.","خطأ: تلف البيانات ليس له علاقة بإشعارات الازدحام.","صحيح: إشعار أمامي يخبر المستقبل بتأخر وصول البيانات.","خطأ: لو كان مقطوعاً لما وصلت الإشارة أصلاً."
"ما هي الوظيفة الأساسية للبت DE (Discard Eligibility)؟","تحديد سرعة الإرسال القصوى.","تصنيف الإطارات حسب الأهمية لتحديد ما يمكن حذفه/تأجيله عند الازدحام.","إعلام المستقبل بوجود خطأ في البيانات.","تغيير مسار البيانات جغرافياً.","option_b","البت DE يستخدم لتمييز البيانات غير المهمة (عندما يكون 1) لتتمكن الشبكة من التعامل مع الازدحام.","DE=1 (بيانات غير مهمة/قابلة للحذف). DE=0 (بيانات مهمة جداً).","خطأ: السرعة تحددها إعدادات المودم/الدارة وليس بت DE.","صحيح: يصنف البيانات إلى مهمة (0) وأقل أهمية (1).","خطأ: الأخطاء ليست وظيفة DE.","خطأ: تغيير المسار يتم عبر جداول التوجيه وليس عبر بت الأولوية."
"إذا ظهر السطر التالي: `a DCE 102 1 0 0`، فما هي حالة الشبكة؟","الشبكة سليمة ولا يوجد ازدحام.","الشبكة تطلب من المرسل تخفيف السرعة بسبب الازدحام (BECN=1).","الشبكة تخبر المستقبل بتأخر البيانات (FECN=1).","البيانات غير مهمة وتم وضعها في البفر (DE=1).","option_b","البت الأول بعد العنوان هو BECN وقيمته 1، والمصدر DCE، إذن الشبكة تحذر المرسل.","ترتيب البتات في الفيديو: BECN ثم FECN ثم DE.","خطأ: وجود الرقم 1 يعني وجود حالة غير طبيعية (ازدحام).","صحيح: BECN=1 تعني إنذار خلفي للمرسل.","خطأ: الـ FECN قيمته 0 في هذا السطر.","خطأ: الـ DE قيمته 0 في هذا السطر."
"ما هو الإجراء الذي يتخذه المقسم (Switch) للإطارات التي تحمل DE=1 أثناء الازدحام؟","يتم تمريرها فوراً قبل أي إطارات أخرى.","يتم وضعها في ذاكرة مؤقتة (Buffer) وتأجيل إرسالها.","يتم إعادتها إلى المرسل فوراً.","يتم تغيير قيمتها لتصبح DE=0.","option_b","البيانات ذات الأهمية المنخفضة (DE=1) يتم تخزينها مؤقتاً لتخفيف الحمل عن الشبكة.","الازدحام + DE=1 ⬅️ تخزين في البفر (Buffer).","خطأ: التمرير الفوري للإطارات المهمة (DE=0) فقط.","صحيح: التخزين المؤقت هو الحل لتفريغ الشبكة.","خطأ: لا تعاد للمرسل بل تخزن في الشبكة.","خطأ: المقسم لا يرفع أهمية البيانات، بل يحافظ على تصنيفها."
"ما الفرق الجوهري في التوجيه بين رسالة BECN ورسالة FECN؟","BECN توجه للمستقبل، و FECN توجه للمرسل.","كلاهما يوجه للمرسل فقط.","BECN توجه للمرسل (عكس التيار)، و FECN توجه للمستقبل (مع التيار).","كلاهما يوجه للمستقبل فقط.","option_c","B تعني Backward (للخلف/للمصدر)، F تعني Forward (للأمام/للمستقبل).","BECN ⬅️ للخلف (المرسل). FECN ➡️ للأمام (المستقبل).","خطأ: العكس هو الصحيح.","خطأ: المستقبل يحتاج أن يعلم أيضاً (FECN).","صحيح: BECN للمرسل ليعالج، FECN للمستقبل ليعلم.","خطأ: المرسل هو العنصر الأهم للتحكم بالسرعة (BECN)."
"لماذا يتم إعلام المستقبل عبر FECN رغم أنه لا يستطيع تخفيف سرعة الإرسال؟","ليقوم هو بقطع الاتصال فوراً.","ليعرف أن البيانات وصلت متأخرة ولا يطلب إعادة إرسالها ظناً منه أنها فقدت.","ليقوم بإرسال فيروس للشبكة.","FECN هي مجرد زينة ولا فائدة منها.","option_b","إعلام المستقبل ضروري للتطبيقات التي تتأثر بالزمن، ولمنع بروتوكولات الطبقات العليا من طلب إعادة الإرسال الخاطئ.","FECN = تبرير التأخير للمستقبل (عشان ما يزعل أو يفتكرها ضاعت).","خطأ: قطع الاتصال ليس هو الهدف.","صحيح: تبرير التأخير (Delay Notification).","خطأ: خيار غير منطقي.","خطأ: لها دور كبير في استقرار الشبكة."
"في حال تجاهل المرسل (DTE) لإشارة BECN واستمر بالإرسال بكثافة، ماذا سيحدث؟","ستقوم الشبكة بزيادة سعتها تلقائياً.","سيزداد الازدحام وقد تضطر الشبكة لحذف (Drop) الإطارات لعدم كفاية البفر.","سيتوقف المستقبل عن العمل.","ستتحول الإطارات تلقائياً إلى DE=0.","option_b","البفر له سعة محدودة، إذا لم يخفف المرسل الضغط، سيمتلئ البفر وسيتم إسقاط البيانات القادمة.","تجاهل BECN = امتلاء البفر = ضياع بيانات (Packet Loss).","خطأ: سعة الشبكة الفيزيائية ثابتة.","صحيح: النتيجة الحتمية هي فقدان البيانات (Discarding).","خطأ: المستقبل سيعاني من نقص البيانات لكنه لن يتوقف.","خطأ: الشبكة لا ترفع الأولوية بل قد تحذف البيانات."
"ماذا يعني المصطلح Buffer في سياق تجربة ازدحام الشبكة؟","جدار حماية لمنع الفيروسات.","ذاكرة تخزين مؤقتة في المقاسم لحفظ البيانات المؤجلة.","كابل التوصيل بين الحاسب والمقسم.","برنامج لتسريع الانترنت.","option_b","البفر (Buffer) هو مساحة في الذاكرة تستخدم لتخزين البيانات عندما تكون سرعة الورود أكبر من سرعة المعالجة/الإرسال.","Buffer = غرفة انتظار (Parking) للبيانات غير المستعجلة.","خطأ: جدار حماية هو Firewall.","صحيح: ذاكرة انتظار للبيانات.","خطأ: الكابل هو وسيط نقل فيزيائي.","خطأ: ليس برنامجاً بل مكون هاردوير/سوفتوير في المقسم."
"أي من الأسطر التالية يمثل إطاراً ذا أولوية قصوى (مهم جداً) ويمر بسلام دون إنذارات؟","`a DTE 20 0 0 1`","`a DCE 20 1 0 0`","`a DTE 20 0 0 0`","`a DCE 20 0 1 0`","option_c","الخيار C يحتوي على DE=0 (مهم)، BECN=0 (لا ازدحام خلفي)، FECN=0 (لا ازدحام أمامي).","الإطار المثالي: لا انذارات (0,0) وأولوية عالية (DE=0).","خطأ: هنا DE=1 أي أولوية منخفضة.","خطأ: هنا BECN=1 أي يوجد ازدحام.","صحيح: كل المؤشرات صفرية (مهم وسليم).","خطأ: هنا FECN=1 أي يوجد تأخير."
"من المسؤول عن وضع القيمة 1 في خانة DE في الوضع الطبيعي؟","مقسم الشبكة (DCE) بشكل عشوائي.","المستخدم/المرسل (DTE) لتحديد البيانات الأقل أهمية.","المستقبل بعد استلام البيانات.","شركة الاتصالات فقط.","option_b","المرسل هو الأدرى بطبيعة بياناته، فهو يحدد ما هو مهم وما هو أقل أهمية قبل الإرسال.","المرسل (User) هو من يصنف بضاعته (بياناته) قبل الشحن.","خطأ: الشبكة تعالج ما يصلها، ولا تصنف عشوائياً.","صحيح: المرسل يحدد الأولويات (مثل الصوت DE=0، والويب DE=1).","خطأ: المستقبل يستلم فقط.","خطأ: المستخدم لديه الصلاحية في بروتوكول Frame Relay."
"هل يستطيع جهاز المستخدم (DTE) استشعار الازدحام في الشبكة تلقائياً بدون مساعدة؟","نعم، لديه قدرات خارقة.","لا، هو جهاز 'أعمى' عن حالة الشبكة الداخلية ويحتاج لتنبيه من المقاسم (DCE).","نعم، عن طريق قياس درجة حرارة الكابل.","نعم، ولكن فقط في الليل.","option_b","الأجهزة الطرفية لا ترى حالة المسار الداخلي، وتعتمد كلياً على بتات الإشعار (BECN/FECN) القادمة من المقاسم.","DTE لا يرى الغيمة، DCE هو عين DTE داخل الغيمة.","خطأ: غير علمي.","صحيح: يحتاج لإشارة explicite (صريحة) من المقسم.","خطأ: غير منطقي.","خطأ: غير منطقي."
"عند زوال حالة الازدحام، ماذا يحدث للإطارات المخزنة في البفر؟","يتم حذفها لأنها قديمة.","يتم إرسالها للمستقبل وتصل متأخرة قليلاً.","يتم إرجاعها للمرسل ليعدلها.","تبقى في البفر للأبد.","option_b","بمجرد فراغ الطريق، يفرغ المقسم البفر ويرسل المحتويات للمستقبل.","انتهاء الزحمة = فتح بوابة البفر وتمرير البيانات.","خطأ: لا تحذف إلا إذا امتلأ البفر سابقاً.","صحيح: تستأنف رحلتها وتصل (Delayed).","خطأ: لا تعود للمصدر.","خطأ: الذاكرة محدودة ويجب تفريغها."
"ماذا يعني الرمز DCE في شاشة التجربة؟","Data Central Engine.","Data Circuit-terminating Equipment (معدات الشبكة/المقسم).","Data Control Error.","Direct Cable Entry.","option_b","DCE هو المصطلح القياسي لمعدات الشبكة التي توفر التوقيت والتبديل (مثل الـ Switches والمودمات).","DCE = جهاز الشبكة (Switch/Modem).","خطأ: مصطلح غير صحيح.","صحيح: التسمية العلمية لمعدات إنهاء الدارة (الشبكة).","خطأ: مصطلح غير صحيح.","خطأ: مصطلح غير صحيح."
"في الفيديو، متى تقوم المقاسم بتفعيل بتات الإشعار (BECN/FECN)؟","دائماً وبشكل مستمر.","فقط عندما تصل السعة إلى حد العتبة (Threshold) ويحدث اختناق.","فقط عند بدء تشغيل الجهاز.","عندما يكون الكابل مفصولاً.","option_b","آلية الإشعار تعمل فقط عند الحاجة (On Demand) أي عند استشعار حالة الازدحام.","الازدحام = تفعيل الإنذارات. لا ازدحام = الإنذارات صامتة (0).","خطأ: في الوضع الطبيعي تكون 0.","صحيح: ترتبط بحدوث الازدحام فعلياً.","خطأ: ليس لها علاقة بالتشغيل الأولي.","خطأ: انقطاع الكابل مشكلة فيزيائية مختلفة."
"أي من السيناريوهات التالية يصف أفضل استخدام للبت DE=0؟","إرسال بريد إلكتروني ترويجي.","تحميل ملف تورنت في الخلفية.","إجراء مكالمة صوتية (VoIP) مباشرة.","عمل نسخة احتياطية (Backup) لبيانات السيرفر ليلاً.","option_c","البيانات الحساسة للتأخير (Real-time) مثل الصوت والفيديو يجب أن تكون لها أولوية قصوى (DE=0).","DE=0 ⬅️ للمكالمات والفيديو (ممنوع التأخير). DE=1 ⬅️ للايميلات والتحميل.","خطأ: البريد يحتمل التأخير (DE=1).","خطأ: التحميل يحتمل التأخير (DE=1).","صحيح: الصوت يتقطع إذا تأخر، لذا يحتاج DE=0.","خطأ: النسخ الاحتياطي يتحمل التأخير."
"اذا كانت القيمة الظاهرة `a DCE 20 0 1 0`، فمن هو الطرف المستهدف بهذه الرسالة؟","المرسل (DTE).","المستقبل (الطرف الآخر من الاتصال).","المقسم نفسه.","مدير الشبكة فقط.","option_b","المصدر DCE (شبكة)، والإشارة FECN=1 (أمامي)، إذن هي ذاهبة مع البيانات نحو المستقبل.","Source=DCE + FECN=1 ⬅️ رسالة للمستقبل.","خطأ: المرسل يستهدف بـ BECN.","صحيح: المستقبل هو المعني بـ FECN.","خطأ: المقسم هو من أرسلها.","خطأ: هي بروتوكول آلي بين الأجهزة وليست رسالة إدارية."
"ما هي العلاقة بين DLCI والازدحام؟","كلما زاد رقم DLCI زاد الازدحام.","لا علاقة مباشرة، DLCI هو مجرد عنوان للمسار الذي قد يزدحم أو لا.","الازدحام يحدث فقط في DLCI الأرقام الزوجية.","DLCI هو وحدة قياس الازدحام.","option_b","DLCI هو معرف القناة (مثل رقم الشارع)، الازدحام هو حالة مرورية تحدث في الشارع، الرقم لا يسبب الازدحام.","DLCI = اسم الشارع. الازدحام = حالة الطريق. لا علاقة بين الاسم والزحمة.","خطأ: الرقم مجرد معرف ولا يدل على الكمية.","صحيح: هو عنوان منطقي فقط.","خطأ: خرافة تقنية.","خطأ: الازدحام لا يقاس بـ DLCI."
"الهدف النهائي من تجربة Frame Relay Congestion Control هو:","زيادة سرعة الانترنت للمستخدمين.","منع ضياع البيانات المهمة وضمان استقرار الشبكة أوقات الذروة.","توفير الكهرباء في أجهزة الشبكة.","تشفير البيانات لحمايتها من السرقة.","option_b","كل هذه الآليات (BECN, FECN, DE, Buffering) تهدف لـ QoS (جودة الخدمة) والحفاظ على استمرارية العمل عند الضغط.","الهدف: إدارة الأزمة بذكاء لتقليل الخسائر (Lost Packets) وليس زيادة السرعة القصوى.","خطأ: هي تحافظ على الأداء ولا تزيد السرعة الفيزيائية.","صحيح: إدارة الازدحام تمنع الانهيار والضياع.","خطأ: لا علاقة لها بالطاقة.","خطأ: التشفير موضوع أمني مختلف."