question,option_a,option_b,option_c,option_d,correct_answer,correct_explanation,concept_explanation,explanation_a,explanation_b,explanation_c,explanation_d
"ماذا يعني ظهور الرمز FCS: B على شاشة جهاز الشبكة؟","الإطار سليم وجاهز للمعالجة","الإطار تالف (Corrupted) بسبب عدم تطابق قيمة CRC","الإطار يحمل بيانات تحكم فقط","الإطار تم إرساله بنجاح لكن لم يتم استقباله",option_b,"الرمز B يرمز إلى Bad، مما يعني أن عملية فحص التكرار الدوري (CRC) كشفت تغيراً في البيانات أثناء النقل.","آلية كشف الأخطاء (FCS)","خطأ، الرمز G (Good) هو الذي يعني أن الإطار سليم.","صحيح، الرمز B يعني Bad أي أن حسابات التدقيق كشفت خطأ.","خطأ، نوع الإطار (Info/Supervisory) يظهر في حقل منفصل وليس في FCS.","خطأ، الرمز يتعلق بسلامة البيانات الواصلة وليس حالة الإرسال."
"في بروتوكول Go-Back-N، إذا استلم المستقبل الإطار 1 تالفاً، ما هو الإطار الذي يرسله؟","SREJ 1","REJ 1","ACK 1","INFO 1",option_b,"يستخدم بروتوكول Go-Back-N تعليمة الرفض REJ لطلب إعادة الإرسال الجماعي بدءاً من الخطأ.","بروتوكولات ARQ","خطأ، SREJ تستخدم في الانتقاء وليس في Go-Back-N.","صحيح، يرسل رفضاً للإطار 1 وما بعده.","خطأ، ACK تعني قبول الإطار، وهو تالف هنا.","خطأ، INFO هو إطار بيانات وليس إطار تحكم."
"ماذا يعني الرقم 4 في الرسالة 'REJ 4'؟","أعد إرسال الإطار رقم 4 فقط","تم استلام 4 إطارات بنجاح","أعد إرسال الإطار 4 وجميع الإطارات التي أرسلت بعده","هناك 4 أخطاء في الشبكة",option_c,"الرقم بجانب REJ يشير إلى أول إطار مفقود/تالف، ويطلب إعادة إرسال كل شيء بدءاً منه.","تفسير عداد N(R)","خطأ، هذا ينطبق على SREJ وليس REJ.","خطأ، هذا الرقم طلب إعادة إرسال وليس تأكيد استلام.","صحيح، في REJ يتم رفض الخطأ وكل ما يليه.","خطأ، الرقم يشير لتسلسل الإطار وليس عدد الأخطاء."
"ما الفرق الجوهري بين إطارات INFO وإطارات SREJ؟","كلاهما يحمل بيانات المستخدم","INFO تحمل بيانات مستخدم، بينما SREJ هي إطارات تحكم لتصحيح الأخطاء","SREJ تحمل بيانات مستخدم، و INFO للتحكم","لا يوجد فرق، هي مسميات مختلفة لنفس الشيء",option_b,"إطارات المعلومات (INFO) تنقل الـ Payload، بينما SREJ هي إطارات إشرافية (Supervisory) لإدارة الوصلة.","أنواع إطارات HDLC","خطأ، إطارات التحكم لا تحمل بيانات مستخدم.","صحيح، INFO للبيانات و SREJ للإدارة والتصحيح.","خطأ، العكس هو الصحيح.","خطأ، الوظيفة مختلفة تماماً في طبقة ربط البيانات."
"لماذا تعتبر آلية Selective Reject (SREJ) أكثر كفاءة من Reject (REJ)؟","لأنها تعيد إرسال الإطارات التالفة فقط","لأنها لا تستخدم ذاكرة مؤقتة (Buffer)","لأنها أبسط في التصميم البرمجي","لأنها تعيد إرسال جميع الإطارات لضمان الوصول",option_a,"SREJ توفر استهلاك الشبكة (Bandwidth) عبر تجنب إعادة إرسال البيانات التي وصلت سليمة بالفعل.","كفاءة البروتوكولات","صحيح، هذا يمنع تكرار الإرسال غير الضروري (Redundancy).","خطأ، هي تتطلب ذاكرة أكبر لتخزين الإطارات غير المرتبة.","خطأ، هي أكثر تعقيداً من REJ.","خطأ، هذا وصف لآلية REJ الأقل كفاءة."
"إذا أرسل المرسل الإطارات 0، 1، 2، 3 وحدث خطأ في الإطار رقم 1، ماذا سيحدث في نظام SREJ؟","سيتم إعادة إرسال 1، 2، 3","سيتم إعادة إرسال الإطار 1 فقط","سيتم تجاهل الخطأ","سيتم إعادة إرسال الإطارات الزوجية فقط",option_b,"في الرفض الانتقائي، يطلب المستقبل الإطار المحدد الذي فقد فقط ويحتفظ بالباقي.","آلية عمل SREJ","خطأ، هذا يحدث في نظام REJ (Go-Back-N).","صحيح، يعاد الإطار المفقود حصراً.","خطأ، بروتوكولات ARQ تضمن الموثوقية ولا تتجاهل الأخطاء.","خطأ، لا علاقة للزوجي والفردي بالأمر."
"ما هو الشرط التقني الأساسي في المستقبل لنجاح عمل بروتوكول SREJ؟","سرعة معالجة منخفضة","القدرة على التخزين المؤقت للإطارات خارج التسلسل (Out-of-order buffering)","عدم وجود ذاكرة مؤقتة","أن يكون الإرسال أحادي الاتجاه",option_b,"يجب أن يخزن المستقبل الإطارات اللاحقة السليمة (مثل 2 و3) حتى يصل الإطار المصحح (1) ليعيد ترتيبها.","متطلبات النظام","خطأ، السرعة ليست العامل الحاسم في الاختيار.","صحيح، بدون تخزين لا يمكن الاحتفاظ بالإطارات التي تلي الخطأ.","خطأ، الذاكرة ضرورية جداً.","خطأ، البروتوكول يعمل في الاتجاهين عادة."
"في أي طبقة من نموذج OSI تتم عمليات اكتشاف وتصحيح أخطاء الإطارات هذه؟","الطبقة الفيزيائية (Physical)","طبقة الشبكة (Network)","طبقة ربط البيانات (Data Link)","طبقة النقل (Transport)",option_c,"التعامل مع الإطارات (Frames)، وعناوين MAC، والتحكم بالأخطاء (FCS) هي مهام الطبقة الثانية.","نموذج OSI","خطأ، الفيزيائية تنقل البتات الخام.","خطأ، الشبكة تتعامل مع الحزم (Packets) والتوجيه.","صحيح، هي المسؤولة عن تنظيم الوصول والتحكم بالأخطاء في الوصلة.","خطأ، النقل تتعامل مع الـ Segments والاتصال من طرف لطرف."
"ماذا يمثل العداد N(S) الموجود في ترويسة الإطار؟","رقم الإطار الذي يتوقع المستقبل استلامه","رقم التسلسل للإطار الحالي المُرسل","عدد الأخطاء في الشبكة","رقم المنفذ (Port Number)",option_b,"N(S) هو اختصار لـ Number Sent، وهو المعرف الفريد للإطار لترتيبه.","ترويسة الإطار (Header)","خطأ، ذلك هو N(R).","صحيح، هو رقم تسلسل الإطار المرسل.","خطأ، لا يمثل عداداً للأخطاء.","خطأ، أرقام المنافذ تتبع لطبقة النقل (L4)."
"إذا ظهرت الرسالة '20 INFO 1 0 1 yy1 B'، ماذا يعني الرقم 20 في البداية؟","عدد الإطارات التالفة","عنوان الجهة المرسلة أو المستقبلة للإطار","رقم الخطأ","قيمة البيانات",option_b,"الرقم في بداية السطر في سجلات المحلل يمثل عادة عنوان المحطة (Address).","قراءة السجلات (Logs)","خطأ، ليس عداداً.","صحيح، يمثل عنوان المحطة المرتبط بالإطار.","خطأ، رمز الخطأ يظهر في FCS.","خطأ، البيانات تكون داخل الـ Payload."
"ما هي النتيجة السلبية لاستخدام REJ في شبكة كثيرة الأخطاء؟","ضياع البيانات نهائياً","هدر سعة الشبكة (Bandwidth) بسبب إعادة إرسال بيانات سليمة","زيادة تعقيد المستقبل","عدم القدرة على اكتشاف الخطأ",option_b,"إعادة إرسال مجموعة كبيرة من الإطارات لمجرد خطأ واحد يستهلك الموارد ويقلل الإنتاجية (Throughput).","عيوب Go-Back-N","خطأ، البيانات ستصل في النهاية لكن ببطء.","صحيح، التكرار يقلل الكفاءة.","خطأ، REJ أبسط من SREJ في المستقبل.","خطأ، الخطأ يُكتشف في الحالتين."
"متى يضطر المستقبل لاستخدام REJ حتى لو كان النظام يدعم SREJ؟","عندما يكون الخطأ في الإطار الأول فقط","عند امتلاء ذاكرة التخزين المؤقت (Buffer) في المستقبل","عندما تكون الشبكة سريعة جداً","لا يحدث ذلك أبداً",option_b,"إذا لم يعد هناك مساحة لتخزين الإطارات القادمة (خارج الترتيب)، يضطر المستقبل لرفض كل شيء والعودة للترتيب الصارم.","إدارة الذاكرة","خطأ، نوع الخطأ لا يحدد ذلك.","صحيح، امتلاء البافر يجبر النظام على التراجع لاستراتيجية أبسط.","خطأ، سرعة الشبكة لا تبرر التخلي عن الكفاءة.","خطأ، هي حالة شائعة عند الازدحام."
"ما دلالة الرمز G في حقل FCS؟","Good - الإطار سليم","Gone - الإطار مفقود","General - إطار عام","Garbage - بيانات عشوائية",option_a,"G تعني أن نتيجة فحص التكرار الدوري كانت صفرية (أو مطابقة)، وبالتالي البيانات سليمة.","مصطلحات الشاشة","صحيح، الإطار وصل كما أرسل.","خطأ.","خطأ.","خطأ."
"في بروتوكول Go-Back-N، ما العلاقة بين حجم النافذة (Window Size) وأرقام التسلسل؟","يجب أن يكون حجم النافذة أكبر من مجال الترقيم","يجب أن يكون حجم النافذة أقل من $2^m - 1$","حجم النافذة غير محدود","حجم النافذة يساوي 1 دائماً",option_b,"لتجنب الغموض بين الإطارات الجديدة والمعاد إرسالها، حجم النافذة مقيد بمعادلة رياضية تعتمد على عدد البتات.","نافذة الانزلاق (Sliding Window)","خطأ، سيؤدي ذلك لتداخل البيانات.","صحيح، هذا شرط أساسي لعمل البروتوكول بشكل صحيح.","خطأ، محدود بحقل التحكم.","خطأ، هذا في بروتوكول Stop-and-Wait."
"ماذا يحدث إذا فقد إطار الرفض (REJ) نفسه في الشبكة؟","يتوقف النظام عن العمل","تنتهي مهلة المؤقت (Timeout) عند المرسل ويعيد الإرسال تلقائياً","يستمر المستقبل بانتظار الإطار للأبد","يعتبر المرسل أن الإطار وصل سليماً",option_b,"آلية الحماية الأخيرة هي المؤقت (Timer). إذا لم يصل تأكيد أو رفض خلال مدة محددة، يفترض المرسل الضياع.","التعافي من الأخطاء (Error Recovery)","خطأ، البروتوكولات مصممة للتعافي.","صحيح، انتهاء المهلة يحل مشكلة فقدان الردود.","خطأ، المستقبل قد ينتظر لكن المرسل لن ينتظر.","خطأ، عدم وصول ACK يعتبر مشكلة للمرسل."
"أي من الحالات التالية تستدعي استخدام SREJ 3؟","الإطار 3 وصل سليماً","الإطار 3 مفقود أو تالف، والإطارات بعده قد تكون وصلت","الإطارات 1 و 2 تالفة","المستقبل يريد إيقاف الإرسال عند 3",option_b,"الطلب SREJ 3 يعني تحديداً: 'أنا أفتقد الرقم 3، أعد إرساله'.","قراءة تعليمات التحكم","خطأ، لو وصل سليماً لأرسل ACK.","صحيح، هذا هو الاستخدام الدقيق للرفض الانتقائي.","خطأ، هذا يتطلب رفضاً لـ 1 أولاً.","خطأ، لإيقاف الإرسال تستخدم RNR (Receive Not Ready)."
"المصطلح التقني لإعادة إرسال البيانات التي تم إرسالها سابقاً وتعتبر سليمة هو:","Error Correction","Retransmission Redundancy","Flow Control","Data Encapsulation",option_b,"هو التكرار غير الضروري في الإرسال، وهو العيب الرئيسي في Go-Back-N.","مفاهيم الشبكات","خطأ، هذا المصطلح العام للتصحيح.","صحيح، تكرار إعادة الإرسال لبيانات لا حاجة لها.","خطأ، هذا للتحكم بالتدفق.","خطأ، هذا للتغليف."
"إذا أشار العداد $N(R)$ في إطار INFO للقيمة 5، ماذا يعني ذلك؟","الإطار رقم 5 تالف","المرسل يرسل الإطار 5","المستقبل يؤكد استلام ما قبل 5 وينتظر الإطار 5","هناك 5 أخطاء",option_c,"في حقل التحكم، $N(R)$ هو رقم 'الإقرار' (Piggybacked ACK) ويعني 'أنا جاهز لاستلام 5'.","آلية الإقرار (ACK)","خطأ، هذا لو كان في إطار REJ.","خطأ، المرسل يستخدم N(S).","صحيح، هو إقرار ضمني بنجاح استلام 0,1,2,3,4.","خطأ."
"ما هو الغرض الرئيسي من حقل FCS في نهاية الإطار؟","تحديد عنوان المرسل","التأكد من سلامة البيانات من التغيرات العرضية","تشفير البيانات","تحديد نوع البروتوكول",option_b,"FCS يحتوي على قيمة رياضية تسمح للمستقبل بالتحقق مما إذا كانت البتات قد قُلبت أثناء النقل.","بنية الإطار","خطأ، العنوان في الـ Header.","صحيح، كشف الأخطاء (Error Detection).","خطأ، التشفير عملية مختلفة.","خطأ، نوع البروتوكول في حقل Type."
"في سيناريو المختبر، كيف عرفت المهندسة أن الإطار تالف قبل قراءة الـ LCD؟","من صوت الجهاز","لا يمكن المعرفة إلا من خلال إشعار المستقبل أو السجلات","من وميض الضوء الأحمر مباشرة","من توقف الشبكة",option_b,"أوضحت المهندسة أن المرسل لا يعلم بوجود مشكلة إلا بـ 'إعلام من جهة الاستقبال'، والمراقبة تتم عبر السجلات.","المراقبة والتحليل","خطأ.","صحيح، يجب قراءة القيم (FCS: Bad) أو تلقي الرفض.","خطأ، لم تذكر الاعتماد على الضوء فقط كدليل تقني دقيق.","خطأ، الشبكة لا تتوقف بالكامل بل تعيد الإرسال."