question,option_a,option_b,option_c,option_d,correct_answer,correct_explanation,concept_explanation,explanation_a,explanation_b,explanation_c,explanation_d
"ظهرت على شاشة الجهاز المستقبل (D) القيمة FECN: 1. ماذا يعني ذلك؟","ازدحام في الشبكة؛ إشعار للمستقبل","ازدحام في الشبكة؛ إشعار للمرسل","خطأ في البيانات (CRC Error)","الطريق سالك ولا يوجد مشاكل","ازدحام في الشبكة؛ إشعار للمستقبل","إشارة FECN ترسل مع اتجاه البيانات لتخبر المستقبل بوجود اختناق.","آلية التحكم بالازدحام","إجابة صحيحة: هذا هو تعريف بت FECN (Forward).","خطأ: تنبيه المرسل هو وظيفة البت BECN (Backward).","خطأ: أخطاء البيانات تؤدي لحذف الإطار ولا تفعّل بتات الازدحام.","خطأ: الطريق السالك يشار إليه بالقيمة 0 وليس 1."
"تغير رقم DLCI فجأة من 100 إلى 105 ثم 103. ما التفسير الفيزيائي؟","حدث قطع في الكابل الرئيسي وتم تحويل المسار","تغير عنوان IP للمرسل","حدث تصادم (Collision)","انتهت صلاحية الدارة","حدث قطع في الكابل الرئيسي وتم تحويل المسار","يدل هذا التغير على تفعيل بروتوكول التسامح مع الخطأ واستخدام مسار بديل.","التسامح مع الخطأ (Fault Tolerance)","إجابة صحيحة: التغير للمسار البديل نتيجة انقطاع الأساسي.","خطأ: عناوين IP تعمل في الطبقة الثالثة ولا تغير مسار DLCI الفيزيائي.","خطأ: التصادم يؤدي لضياع البيانات وليس لإعادة توجيه المسار بانتظام.","خطأ: الدارات الدائمة (PVC) لا تنتهي صلاحيتها فجأة بل تبقى محجوزة."
"لماذا تغيرت قيمة DLCI من 20 عند A إلى 24 عند D؟","لأن الـ DLCI له أهمية محلية (Local Significance)","لأن البيانات تلفت أثناء النقل","لأن المستقبل غير إعداداته","لأن المرسل أخطأ بالعنوان","لأن الـ DLCI له أهمية محلية (Local Significance)","كل مقسم يغير العنوان ليدل على الوصلة التالية فقط.","العنونة المحلية","إجابة صحيحة: العناوين صالحة فقط بين كل نقطتين متجاورتين.","خطأ: تلف البيانات يؤدي لحذف الإطار بالكامل.","خطأ: إعدادات المستقبل لا تؤثر على ترويسة الإطار القادمة من الشبكة.","خطأ: الرقم 20 كان صحيحاً في نطاق المرسل ولا يعتبر خطأ."
"في أي طبقة من نموذج OSI يعمل Frame Relay؟","الطبقة الثانية (Data Link Layer)","الطبقة الثالثة (Network Layer)","الطبقة الأولى (Physical Layer)","الطبقة الرابعة (Transport Layer)","الطبقة الثانية (Data Link Layer)","يتعامل مع الإطارات وعناوين MAC/DLCI.","نموذج OSI","إجابة صحيحة: هو بروتوكول وصلة بيانات.","خطأ: الطبقة الثالثة مخصصة لبروتوكولات مثل IP.","خطأ: الطبقة الأولى مخصصة للكابلات والإشارات الكهربائية.","خطأ: الطبقة الرابعة مخصصة للنقل والتحكم مثل TCP."
"ما معنى القيمة BECN: 1 عند المرسل (DTE)؟","يجب تقليل سرعة الإرسال فوراً","يجب زيادة سرعة الإرسال","الشبكة تعمل بكفاءة","يوجد خطأ في العنوان","يجب تقليل سرعة الإرسال فوراً","BECN هي طلب صريح من الشبكة للمرسل لتخفيف الضغط.","إدارة الازدحام الخلفي","إجابة صحيحة: الاستجابة الصحيحة للازدحام هي التباطؤ.","خطأ: زيادة السرعة ستؤدي لتفاقم الازدحام وفقدان البيانات.","خطأ: الكفاءة وعدم الازدحام يشار لهما بالقيمة 0.","خطأ: أخطاء العناوين تمنع الوصول ولا ترسل إشعارات ازدحام."
"ما وظيفة البت DE (Discard Eligibility)؟","تحديد الإطارات الأقل أهمية للحذف","تشفير البيانات","تصحيح الأخطاء","تحديد نهاية الإطار","تحديد الإطارات الأقل أهمية للحذف","يسمح للشبكة بالتخلص من هذا الإطار أولاً عند الازدحام.","جودة الخدمة (QoS)","إجابة صحيحة: DE=1 يعني قابلية الحذف.","خطأ: التشفير ليس من وظائف ترويسة Frame Relay.","خطأ: لا يوجد آلية لتصحيح الأخطاء في هذا البروتوكول.","خطأ: نهاية الإطار تحدد بـ Flag خاص (01111110)."
"ماذا يعني الرمز PVC في التجربة؟","Permanent Virtual Circuit","Private Video Connection","Public Virtual Channel","Primary Voltage Control","Permanent Virtual Circuit","مسار منطقي ثابت ومحجوز مسبقاً.","أنواع الدارات","إجابة صحيحة: المصطلح العلمي للدارات الدائمة.","خطأ: مصطلح غير مستخدم في هذا السياق.","خطأ: مصطلح مخترع غير علمي.","خطأ: مصطلح كهربائي لا علاقة له بالشبكات."
"ماذا يحدث لو وصل إطاران للمقسم H في نفس اللحظة؟","تخزن في الذاكرة وتعالج بالتسلسل","يحدث تصادم وتضيع","يتم دمج الإطارين","يتوقف المقسم","تخزن في الذاكرة وتعالج بالتسلسل","المقسمات تستخدم Buffers لترتيب البيانات ومعالجتها واحداً تلو الآخر.","المعالجة التسلسلية","إجابة صحيحة: الذاكرة المؤقتة تمنع التصادم.","خطأ: التصادم سمة الشبكات القديمة (Hubs) وليس المقسمات.","خطأ: دمج الإطارات يؤدي لفساد البيانات واختلاط الوجهات.","خطأ: المقسمات مصممة للعمل تحت الحمل العالي."
"لماذا Frame Relay أوفر من Leased Lines؟","لمشاركة البنية التحتية بين المستخدمين","لأنه لا يحتاج راوترات","لأنه يستخدم كابلات رخيصة","لأنه أبطأ","لمشاركة البنية التحتية بين المستخدمين","العملاء يتشاركون السعة في السحابة بدلاً من حجز خطوط فيزيائية خاصة.","اقتصاديات الشبكات","إجابة صحيحة: المشاركة تقلل التكلفة.","خطأ: الراوترات ضرورية في كلا الحالتين.","خطأ: نوع الكابل (فايبر/نحاس) ليس هو العامل المحدد للتكلفة هنا.","خطأ: السرعة تعتمد على العقد ولا علاقة لها بكونه أوفر."
"هل يقوم Frame Relay بتصحيح الأخطاء؟","لا، يكتفي بالحذف عند الخطأ","نعم، يعيد الطلب تلقائياً","نعم، يصلح البتات","فقط للإطارات الصغيرة","لا، يكتفي بالحذف عند الخطأ","يركز البروتوكول على السرعة ويترك التصحيح للطبقات العليا.","معالجة الأخطاء","إجابة صحيحة: الحذف هو الآلية الوحيدة للتعامل مع التلف.","خطأ: إعادة الطلب هي وظيفة بروتوكولات الطبقة الرابعة (TCP).","خطأ: إصلاح البتات عملية معقدة وتسبب بطئاً.","خطأ: حجم الإطار لا يغير آلية التعامل مع الخطأ."
"ماذا تمثل القيمة 20 (DLCI) عند الطرفية A؟","عنوان الدارة المحلية بين A والمقسم","عنوان الجهاز المستقبل D","سرعة الاتصال","عدد الأخطاء","عنوان الدارة المحلية بين A والمقسم","يحدد الوصلة المنطقية عند المنفذ المحلي فقط.","ترويسة الإطار","إجابة صحيحة: 20 هو المعرف المحلي للمسار.","خطأ: عنوان المستقبل يختلف عند الوصول (أصبح 24).","خطأ: السرعة تقاس بالبت في الثانية وليس برقم DLCI.","خطأ: الأخطاء لا تسجل في حقل العنوان."
"إذا انقطع المسار البديل (103) أيضاً، ماذا يحدث؟","تتوقف البيانات (Connection Drop)","يعود للمسار المقطوع","يخترع مساراً جديداً","يتحول للاسلكي","تتوقف البيانات (Connection Drop)","فشل كامل في الاتصال لعدم وجود مسارات متاحة.","حدود التسامح مع الخطأ","إجابة صحيحة: انقطاع كل الطرق يؤدي لتوقف الخدمة.","خطأ: المسار المقطوع فيزيائياً لا يمكن تمرير البيانات فيه.","خطأ: المسارات يجب أن تكون موجودة مسبقاً في الجدول.","خطأ: التحويل لتقنية لاسلكية يتطلب أجهزة مختلفة كلياً."
"ما هي الأجهزة التي تسمى DCE؟","مقسمات الشبكة (Switches)","الكمبيوترات الشخصية","الطابعات","السيرفرات","مقسمات الشبكة (Switches)","هي معدات إنهاء الدارة التي توفر التوقيت والخدمة.","DTE vs DCE","إجابة صحيحة: المقسم هو DCE.","خطأ: الكمبيوتر يعتبر DTE (طرفية).","خطأ: الطابعة تعتبر DTE (طرفية).","خطأ: السيرفر يعتبر DTE (طرفية)."
"كيف يعرف الراوتر أن الوصلة بالمقسم نشطة؟","عبر بروتوكول LMI","عبر بروتوكول DHCP","عبر Ping","عبر قياس الحرارة","عبر بروتوكول LMI","LMI يرسل رسائل دورية (Keepalives) للتحقق من الحالة.","بروتوكولات الإدارة","إجابة صحيحة: LMI هو المسؤول عن حالة الوصلة.","خطأ: DHCP مخصص لتوزيع عناوين IP.","خطأ: Ping يفحص الوصول للنهاية ولا يخبرك بحالة الوصلة المحلية بدقة برمجية.","خطأ: الحرارة ليست وسيلة اتصال بيانية."
"ما دلالة عودة الأرقام للتسلسل (100) في النهاية؟","إصلاح العطل وعودة المسار الأقصر","تعطل الشبكة","دوران البيانات في حلقة","زيادة الازدحام","إصلاح العطل وعودة المسار الأقصر","الشبكة مبرمجة لتفضيل المسار الأقصر فور توفره.","استعادة الخدمة","إجابة صحيحة: عودة الرقم الأصلي تعني عودة المسار الأصلي.","خطأ: التعطل يعني توقف الأرقام أو ظهور أخطاء.","خطأ: الحلقات (Loops) تسبب مشاكل ولا تعيد الرقم الصحيح.","خطأ: الازدحام لا يغير رقم DLCI بل يغير بتات FECN/BECN."
"هل يمكن استخدام DLCI 20 في فرع آخر للشركة؟","نعم، لأن العنوان محلي","لا، العناوين عالمية","فقط إذا كانت الشركة مختلفة","فقط في أيام العطل","نعم، لأن العنوان محلي","تكرار الأرقام في أماكن جغرافية مختلفة لا يسبب تعارضاً.","تكرار العناوين","إجابة صحيحة: المحلية تعني إمكانية التكرار في أماكن أخرى.","خطأ: العناوين ليست عالمية (Global) كالـ MAC.","خطأ: حتى لو نفس الشركة، الفروع معزولة عناوينيًا.","خطأ: لا علاقة للوقت أو العطل بصلاحية العناوين."
"ماذا يعني الرمز 'a DTE' على الشاشة؟","الجهاز A يعمل كمرسل (طرفية)","الجهاز A هو مقسم شبكة","الجهاز A معطل","الجهاز A يستقبل فقط","الجهاز A يعمل كمرسل (طرفية)","يشير لكون الجهاز مصدراً للبيانات (Terminal).","تعريف الأجهزة","إجابة صحيحة: DTE تعني معدات طرفية (مثل جهاز A).","خطأ: مقسم الشبكة يرمز له بـ DCE.","خطأ: ظهور الاسم والبيانات يعني أنه يعمل.","خطأ: DTE يمكنه الإرسال والاستقبال، وهنا دوره مرسل."
"ما هو الـ CIR؟","Committed Information Rate (السرعة المضمونة)","Current Internet Ratio","Cable Input Resistance","Computer Internal RAM","Committed Information Rate (السرعة المضمونة)","الحد الأدنى للسرعة التي يضمن المزود توفيرها.","مصطلحات التعاقد","إجابة صحيحة: المصطلح الصحيح للسرعة المتعاقد عليها.","خطأ: مصطلح لا وجود له.","خطأ: مقاومة الكابل ليست CIR.","خطأ: الذاكرة تسمى RAM وليس CIR."
"إذا تجاهل المرسل إشارة BECN: 1، ماذا سيحدث؟","ضياع البيانات (Packet Loss)","زيادة سرعة الشبكة","تحسن جودة الاتصال","تغير عنوان IP","ضياع البيانات (Packet Loss)","امتلاء المخازن المؤقتة سيؤدي لحذف الإطارات القادمة.","عواقب الازدحام","إجابة صحيحة: النتيجة الحتمية للازدحام المستمر هي الفقد.","خطأ: لن تزيد السرعة في طريق مسدود.","خطأ: الجودة ستنهار بسبب التقطيع.","خطأ: العناوين ثابتة ولا تتغير بسبب الازدحام."
"ماذا يعني الرمز 'xx1' تحت خانة INFO؟","البيانات الفعلية (Payload)","رقم الخطأ","عنوان السيرفر","توقيت الوصول","البيانات الفعلية (Payload)","تمثيل رمزي للمعلومات المحمولة داخل الإطار.","محتوى الإطار","إجابة صحيحة: هذه هي الرسالة المراد نقلها.","خطأ: الأخطاء لها رموز خاصة أو تؤدي للحذف.","خطأ: العنوان موجود في خانة DLCI.","خطأ: التوقيت لا يعرض في خانة المعلومات."
